,artist,name,id,album,album_id,album_year,track,track_id
0,B1A4,B1A4,3sxWOFw4MSN54SIQ8np6iG,Origine,5VzMQgh8F9GOgNPu7LcZUs,2020-10-19,Intro - Origine,6MPuYicdB0MFMNIy5iUqLk
1,B1A4,B1A4,3lCpELjz2gMtFiekWvw6u9,nan,nan,nan,nan,nan
2,B1A4,Sandeul,2QeJBmgBdpH4i3uJns5Rdx,CASTAWAY DIVA OST Part.9,2CMMWmUcim52sqmzOR712T,2023-11-25,You're leaving like the season,1Pa3xyjrAzYyrkhxDJeLMw
3,B1A4,"B1A4,BTOB(서은광,이창섭),영지(카라),에이젝스,에이프릴,오마이걸,케이시",6OLrMcA0ekdQP5kcoC3CQV,nan,nan,nan,nan,nan
4,B1A4,신우(B1A4),0mHhF7oe3oZ4Gk59dwEem5,Cinderella and four knights OST Part 8,0COKCT1eIbxB4X8QwGPpJY,2016-09-16,사랑을 찾는 방법,4aUqj2D9dkf5GsWinmTDCO
5,B1A4,산들 (이정환) (B1A4),7fwisuDDLpUOvyBnl23mAv,nan,nan,nan,nan,nan
6,B1A4,SANDEUL (B1A4),707W4VdZXbVyV8T3NAkeUP,nan,nan,nan,nan,nan
7,B1A4,B4ND1T,1UpVEcCAtoGb8uXYdwFWjr,Germans,5W2TyhN7b6nf7wJt5pI1gE,2023-11-17,Germans,74ZQKVDFrokj9ONuIA5yvO
8,B1A4,3. & 4. Klasse der Bezirksschule Brittnau 1985,08rI8qXRTJklkjWvUAFj9l,nan,nan,nan,nan,nan
9,B1A4,Van Bass-10 & G4bby,4AJmahRUqC0dLGu9mZLl7o,The Darkness Never Sleeps (Pumpkin 2012 Anthem),1usUHiE6iGBHqgJdBudcK0,2012,The Darkness Never Sleeps (Pumpkin 2012 Anthem) - Radio Edit,2YJ82RkAn324EmqEjGCI8w
10,BOA,BoA,4muJrGMndyYWqZtfk8OWy4,The Greatest,31j85Ibk580CjA2lLhOnBo,2022-05-30,nan,nan
11,BOA,bôa,5jTtGLk1mGFMY5lQOvJYUj,Twilight,7sGYAV0xv7ZfAMzIpMl8m1,2010-04-20,Duvet,42qNWdLKCI41S4uzfamhFM
12,BOA,BOA QG,1urzwf2o9FcFCgcmkPgcgZ,Baby Mamacita,5T9soEuy1TNzL1vLWRR9nt,2023-11-17,nan,nan
13,BOA,Boards of Canada,2VAvhf61GgLYmC6C8anyX1,Tomorrow's Harvest,07Ckd8KDDxcbY5iUXjhuex,2013-06-10,nan,nan
14,BOA,BOA Hunxho,2F3LBiE1vrZao4CoBEkKG6,Still Holding On...,2G6QgAYuKe5mp6Y7Z2nBQT,2023-09-23,Foolish,5hHLdl6sthls8mHgjOVAhu
15,BOA,Board-Man,1w9k3VBVzpKs0LsauO5jBd,Somewhere To Chill,1yC6uWxwHquIYEjQLSxvsO,2023-09-01,Intro,0O43X0bD2BE9kyTTh7W5x1
16,BOA,BOAN,0Ju3YcuK3eL68zOIA1C8Te,Mentiras,47Yci3LmOg99yMqHXhTcFX,2015-06-09,Babylon,0H47ziCa79XAjBKMwIS2V6
17,BOA,Boat,545XHoCXOXRYsNrKjh4uHd,"L' Argent (feat BKO, Boat)",4pw0LJKoKMQngpYJhEfrwP,2023-11-03,nan,nan
18,BOA,BOA,00olqf3UDvJXzJQ0au9qBh,Forever and never,73WcHYdFAM0fec0rNLXwdR,2011-09-30,Push,3YgfFtIjgNEbrZGUs8nxfH
19,BOA,BOA,33a8jjxzxhdxTqwquoL5ir,Into Yellow (BOA Remix),1yoO81VWboIwOXdGV5yBcL,2017-11-10,Into Yellow - BOA Remix,5l7irOWxwQpYVQZsFXnqQV
20,Buzz,Buzzcocks,2DxlS3lTLFIq70S7ap5H3y,Sonics In The Soul,1YRlTnn02qdI3tOi66xcF8,2022-09-23,nan,nan
21,Buzz,BUZZ,4SdXXEHKFa5NSoh10QxeN2,Memorize,3wfocJUVDxYieCYc0w1Scj,2014-11-26,nan,nan
22,Buzz,Buzz on the Track,1dBKhi7RDKuWyIq6ywgZoY,2REBELZ,08GKSgW06OdVaSyfrxmkHt,2023-11-28,nan,nan
23,Buzz,BuzzCakes,1eDpQwXk6jUr95siMNXU3K,Wireless diary,6kX0NUFtApaTccLjSrNUwz,2022-11-12,Comfort wings,7KIuOKeRakMnXcQyklkvmK
24,Buzz,Buzzy Lee,0cz2DZrX5wGn1XUdIPKYYQ,Internal Affairs,4GReE9BZzLDHz3Z9kJNkom,2023-03-31,Can I Have Your Autograph,5mVQ1FBJkG4ByXCA2hMIN3
25,Buzz,BUZZ,4YXzweXdgnq4xSOpo1ZWxR,On Matters Of Searching,5UoWkkhtFbAlrTEJ9dHaDr,2023-05-19,Running - Intro,0Iz9tmOpTAF6o7Xb7TiU6n
26,Buzz,Buzz Kull,5RtyPqV9c3KizJ8pqJEcZl,Fascination,5jSLfQ44mEYTDAM1T3OxF2,2022-11-25,nan,nan
27,Buzz,Buzzov•en,65W15ubMbKTu32Y1sV1hnK,Unwilling To Explain,53arF5xNZajsrgNLXhQyDD,2019-10-25,nan,nan
28,Buzz,Buzz,72psY0qma8uEbuSXL8LtT5,Street Business,51zVTRP9si2TiCxjQXomIL,2023-04-06,Keria,34Ra6ItNh9U23jMy4uo9iU
29,Buzz,Buzzb,6MZO53JPTJT5nzpTZLSBeE,A mi vera,5zxDitBNjtrFKkqD7JF9lu,2023-11-30,A mi vera,0sHM6zzJM2WyWIKyuSdzaT
30,CAN,CAN,4l8xPGtl6DHR2uvunqrl8r,LIVE IN BRIGHTON 1975,5UEh22XzkizWkbDpxtu50N,2021-12-03,nan,nan
31,CAN,Canserbero,1wGIhYkKWSq4yACtTkCkSX,Give Me 5,3hZTnhf8nDaFuCesjGvyQ3,2016-12-02,nan,nan
32,CAN,CANVA$,5g7bZh1b9n1XXCggZdh0CE,雨点,5Q9jayNOFQ7jsfDW4E54o6,2023-04-05,雨点,2WsKpXgiCXy3ur2lrmppub
33,CAN,Cannons,7FtCyCJCJaxabYO7Uyda5B,Heartbeat Highway,1mBlpKV5enWAZdQxBqZ96r,2023-11-10,Heartbeat Highway,2YbJ0qJ5uqOPfLGvqMLkaK
34,CAN,CANDY,4oWlenweHbPcDXKvyNUbBl,CANDY on Audiotree Live,7Jz1OeanDNMXw1WcBaVxdF,2023-06-07,Human Condition Above Human Opinion - Audiotree Live version,2d9HzGsflXqNHJ56iuMywK
35,CAN,Canciones Para Niños,4WSY9l2NAUBr3ogIfFPdwt,Melodías Famosas Para Niños,5ITF3uBGiJoVLbaDa1hbIG,2023-12-04,nan,nan
36,CAN,Canvas,5cB90DBVKdSGR8ffyI51Eh,"To Love, To Burn",4CUDX2hUD6DBMRArfme9kv,2023-12-01,"To Love, To Burn",6VuNC5AdkT0WASTSXZcWAJ
37,CAN,Candlebox,3R6c2tWDBeYB1GncjLMn9n,The Long Goodbye,5tUJZ21PJj3SinhyroHCsG,2023-08-25,nan,nan
38,CAN,CANVAS,7IRBgVhXtxZoxD2NMXF8nu,Kamikaze Lightshow,7AuAmZC5g7FksD5L9tjew7,2023-01-27,Kamikaze Lightshow,4pQYYmafc3M7WptLGlhxHS
39,CAN,Cannonball Adderley,5v74mT11KGJqadf9sLw4dA,"Cannonball Adderly Quintet Berliner Jazztage / Berlin, November 2nd. 1972 (Restauración 2023)",7v3viWq0XcFNof8JpP8fCK,2023-11-28,nan,nan
40,Cleo,Cleo Sol,3ETLPQkcEd7z4k3IbZmXMq,Gold,67DWn1tZ245gendegv7Ioz,2023-09-29,There Will Be No Crying,2v4fvU8my0WUTy0TOTS36l
41,Cleo,Cleo,0ZXDvZqBzwZLsHRXhuTbpR,VINYLOVA,5KJTV3uRutowN0pxWoFDv3,2022-05-20,nan,nan
42,Cleo,cleopatrick,6VTvaLJ9arNmKi8e1ekOwW,BUMMER,3o0iNid084ArLzRpaF5xfz,2021-06-04,VICTORIA PARK,6XY2ANlO9cgPVzojn9BMJQ
43,Cleo,Cleo y Cuquín - Familia Telerín,12uO5kWyKfUn41Gchg2H0x,"Canciones infantiles, Vol.3",2Gqimx1UdoDfu3IpOBMTAl,2023-10-26,nan,nan
44,Cleo,Cleo's Trademark,3y3wvhrKyp9SX3sZU1HREy,wordt (the red project),6e6ahpgTWSHIaNpuKvpSoH,2023-10-06,intro(spective),5XDja3my1Mb5p3zxQKNLxZ
45,Cleo,Cleo DeNile,6cPcHTRjHntyNsIJXCpuLM,nan,nan,nan,nan,nan
46,Cleo,Cleo and Cuquin,1Sa894Mh8bJN39OZEuES9W,"Nursery Rhymes, Vol. 3",2KkhUkJI8UrKUfXodPnCPV,2023-11-30,nan,nan
47,Cleo,Stephen Cleobury,0ugRf6ECGBFRCHlv9iG1No,"Carols from King's College, Cambridge",2XcWMfmt3hsnTjU4aTMBnj,2023-12-01,nan,nan
48,Cleo,Cleo Laine,7GUNyLdzdGxR828EyGvM7k,The Stars of Jazz - Cleo Laine,27jCPx7K9k6CUi1hqqDyoq,2023-02-20,nan,nan
49,Cleo,Cleopold,2BeARYDF52QQk5S2zgiVHe,Alone with You (Lazywax Remix),0P9SMOg4aDG5X8Xc63lbTj,2023-05-19,Alone with You - Lazywax Remix,4jO4c0dhLI3OwCLeYvZSkn
50,COOL,COOL,0w3PsroIezW7uRTNxEJLb9,COOL 11th,1MlY2GKEwQj0mCuK2PzSC7,2009-07-20,nan,nan
51,COOL,Coolio,3y24n3XhZ96wgwRXjvS17T,My Soul (25th Anniversary),5mTHgK21ytgre3yJ86ClYh,2022-10-28,nan,nan
52,COOL,CO0Lf15H,6gSKXCMmpnB6Yd5NPc3i01,WAZZA,6GcGtWeDN1IxShxb3WHNEk,2023-05-10,!,5N0HWLKI71q2O8NfNEXURN
53,COOL,Cool & Dre,2PsjBHyb950JI7BHXY10TD,OK (feat. Young Thug),76GwLI1nybtKiwJ1maeFIw,2023-11-10,nan,nan
54,COOL,COOL&CREATE,6iCaBLgyK2nJqzSkCGrV4L,幻想龍殺蟲毒少女・姫虫百々世,4iKZGfIUadxUQMrCzrugZm,2022-08-14,nan,nan
55,COOL,Cooliecut,19uEVh7y7Y9RfjMphMamXc,Who Killed Wolf?,2FmoZ7UT2yEbPqaPJf7SGj,2023-10-31,Bluff,3JxrtzLQUObDd80trGQYUr
56,COOL,CooL BoMB,1XdGyHmWSfMkZ4p1pJIf7b,CooL BoMBer,7sowSnyzgrpSUDx3ncducp,2018,Paradox 13,4eLpKvLxhy1NHxmKH2RNW0
57,COOL,Cool Company,6lOCVUQbb9wzuZQbZQV9zn,Know Better,5SWaa7bRim9Vmf646cyttw,2023-11-10,Poison In The Well,6o9dEJ8ZIniCWoL9E9HGWp
58,COOL,Cool Bomb,0FdK9CKR43bDTSwvv6YE2K,nan,nan,nan,nan,nan
59,COOL,Cooltime Kids,5Cx0MO39eG4ElGaD1juoZQ,Heavy Rain Serenades for Kids' Serenity,26ENW5jPBtI0dYLyAix79Q,2023-11-29,nan,nan
60,DJ.DOC,DJ DOC,3kDgt4vVKGTLmtC3FkOwWF,"Love & Sex, Happiness 6집",56bpAOGNny76QSL9sgg391,2004-11-09,nan,nan
61,DJ.DOC,"DJ ""D.O.C.""",4cYUeqAGXyqvtPMLSFdprl,Somewhere In Berlin,0wKlyAF9pdjMaHRUPctN28,2023-11-17,Somewhere In Berlin - Extended Mix,1oy7zv8w3wfCOkul9gT5Dv
62,DJ.DOC,DJ Doc,72oQ2XbvjheM8C4qDUT9a2,Syntherapy,5JGInlss1wKvyz3VChnj6d,2020-05-03,Syntherapy,1HtBTkGRBbzU7EZADvwPn1
63,DJ.DOC,DJBDOCK,2jWG22vSr8xR3OheJpBoKj,Mom Bdock Is Making A Christmas Album 2022,5iUvLgoPjhmYGUz26NtrG5,2022-12-25,Intro,4cZnoTYC2XZY0wrdxhT3WW
64,DJ.DOC,Dr. Dog,4mLJ3XfOM5FPjSAWdQ2Jk7,Four Nights Live in San Francisco,1qhXBQJAkKayUrbt1K6ZA0,2022-12-07,nan,nan
65,DJ.DOC,Dj Doc,7zxbRmYS76STntJ2F0babV,Two Sides One Story,3Tx3mYz4tKjLP9KKoKr9l0,2022-02-07,Two Sides One Story,6eLro7QyMTMnoYDzqk7U6M
66,DJ.DOC,DJ Dollynho Da Lapa,3bc5LOOhGbLvDUcybl3LY8,Setzin do Hexa (Copa do Mundo 2022),649WtNUhgLfhWqpwSMnYro,2022-12-06,"É o Pombo, É o Neymar, Vinícius Jr E Paquetá (Copa do Mundo 2022)",1TQtGMaPyzZLeFuBo8n4dK
67,DJ.DOC,CARLOS ZAPATA DJ DOC,4ucnn29By5pNcmBUx3vtsi,SE PARECE A TI (Instrumental),2vFPng6pAoMuV2iNurjw0r,2023-11-27,nan,nan
68,DJ.DOC,Djdoc,6I0X4DVaj5epQ1VZBHsMVh,Xilies Mia Nixtes,0mhzxOINfb3IFMqIwCwtPH,2023-12-03,nan,nan
69,DJ.DOC,D.O.C.,54ke4nJfRQCgxdBMx3ydQv,Noi le suoniamo così,3FNXXspn6o86s44meBWVGK,2010-11-12,nan,nan
70,NRG,NRG,7xrfnodwPKuIxS9JuUECaf,One Of Five,6ZcIMK03qm0FepC1NyKxVS,2005-11-15,nan,nan
71,NRG,NRG Komodo,3PTzFmlYeORcJCpWdoKjvb,she from aloha,12VihtsLTj7dium93gkNKo,2023-12-07,she from aloha,3lBmVZWbKOf4oSVbbSHr1V
72,NRG,NRG,29g5FRS6Ryypu3QVvayEF7,BLOCK,4OS0YviAh2NJl9oGlXkFSb,2023-08-25,BLOCK,2OnAb3AtXoPz39bSvpNInO
73,NRG,nrg,6EEFjsH9sgqLhHpDzTsflL,Sei la mia Luna,00jxZQQEdjHx6rspoEeryq,2023-11-18,nan,nan
74,NRG,NRG,0dVWqs8BT9eLpozWjImnLP,Roulette,21I1Mavx9B1hP3GZkaXe9f,2014-07-04,nan,nan
75,NRG,Nrg Band,7lpytP7nwlQ5Af05Hpo1al,Live at Klan Arena,5BXR8Eyap0Wuea7ieIlkGh,2021-12-30,nan,nan
76,NRG,Diva,0CI6MkDddUbiuI8T7V5ZcF,Only Diva,74OewP8N2dDXLOVfUfo9Fx,2005-08-29,nan,nan
77,NRG,Jazzy,7zAAwgV5Wqmvpb4GzvlRkP,NRG (Evan McGee Remix),6LBbA8ASeu6sjnEF1SGsVT,2023-12-01,nan,nan
78,NRG,NRG,4qzjMiU2r8Sh59UlGspzVq,4 Horsemen,11sGqIiZdRC8JKHpq3pwL4,2022-12-25,4 Horsemen,584YifCSQPH137hS9FNFq8
79,NRG,José James,4l2MwXYwUDQKHcUXwCZjEz,On & On,0ubYsntRb3f8BJcrFQJRbA,2023-01-20,On & On,7hWsxzYvgj3XwDWXR5ppQB
80,PSY(싸이),PSY,2dd5mrQZvg6SmahdgVKDzh,PSY 9th,7hbSWdxliNs551GXtflIZB,2022-04-29,9INTRO,47bvKaK36CWYxRrqC5tyNC
81,PSY(싸이),PSY.P,2ADDS7CJUaPg2USWT6djqR,ULTRA,1kxKAs2COOqpfCHWEtYG0q,2023-12-03,nan,nan
82,PSY(싸이),Psycoban,01v0Z9gMiGm6z9Zs12iwYN,Caffeine Time,02ihqmoINqNsKEz2rsd6Z2,2012-04-18,Caffeine Time,75uiSYYKl6D2H8fpj5IE4a
83,PSY(싸이),Agust D,5RmQ8k4l3HZ8JoPb4mNsML,D-DAY,446ROKmKfpEwkbi2SjELVX,2023-04-21,D-Day,22W6wI4hDTjMAYKKBQW9dU
84,PSY(싸이),PSY BURGER,4mulGTWgvqwHijQTcah5XF,TO PSY,5yC2dQlLwLHkXFg17iNNaC,2022-07-12,TO PSY,6ohZFgqF67ub3M0d0eoMnV
85,PSY(싸이),PSY・S［saiz］,3zntsh5zPf73xyMnRi91jv,TWO SPIRITS HISTORY (LIVE),5fUHZQQRceCkaYie5MtMFC,2012-12-12,nan,nan
86,PSY(싸이),PsychShane,6WGstLZ1HpOoE1dZsGejDV,SummerArchive,6syvTcBpo9OzHzuyY5yXfv,2022-11-04,SummerArchive,7EJmg96w0K0ek5zYGriW7G
87,PSY(싸이),PSYQUI,3p8H8HTn04KXh2NRzhKScl,Waraenai,5tkROUB0WFTlAIm587KOwG,2023-09-06,Waraenai,1HvcwwwkPwDUhD7SkdptiN
88,PSY(싸이),Psy Chord,7rZvOL5jGxPx4CTmHQZhp2,Count On Me,6oChYZzqLhtdUylpCBoXBt,2023-09-04,Count On Me,0Nf7Obmh3vHphaMvG9gkj6
89,PSY(싸이),PSY,668Vsnb3E75eFxhTG9A20E,nan,nan,nan,nan,nan
90,SG 워너비,SG Wannabe,2c3IakpImjWyeXNvyyGsdn,Do You Remember,6Uv0YkRoThmA58sM6rpFIN,2021-05-07,nan,nan
91,SG 워너비,SG워너비,6sdDpjlRlv0apLFnAfgEMZ,Road For Hope ‘달리기’,4P9Pi47bAzj1szkECD5mPA,2010-11-25,달리기,0nladXTvshvQm93uAEY6sX
92,SG 워너비,Kim Yong Joon(SG wannabe) & Lee Bo Ram,5iLNjmB2yaFzNG5GZZNDk5,The way we love,2RRXBUKghe4COlf4nU3bZF,2013-07-08,The way we love,1jn70ze4UKRRSSRv7HKSjn
93,SG 워너비,Kim Jin Ho,0ZHGJr3gcX0fVYg1EQrcob,Song spring,1Auhf57Rd0lWOqRGwbKczz,2019-10-03,Scribbli,4ZOdBv9ngUZGDR6WebLuRj
94,SG 워너비,SG워너비&지아,4CLvSzd5Q8CzFKwzkhIzvq,처음처럼 (All Star 2집 Vol.3),5F4kTsOFYtUyamENA5WPE8,2008-03-12,nan,nan
95,SG 워너비,Lee Seok Hoon,16sxdaE9mk0Kis9CTP7Uot,LEESEOKHOON 1st Full Album 'Customary Place',5MfVAeTyhatiLjzaPtMbsh,2022-03-24,nan,nan
96,SG 워너비,Kim Jong Kook,60YNqzrSj7rJkuqHkpHPqG,Here I Am,2s12iviLT6fAPDDVJyr0Th,2018-10-22,nan,nan
97,SG 워너비,SG Lewis,0GG2cWaonE4JPrjcCCQ1EG,AudioLust & HigherLove,5861K3sQgAwu1sswhe5Gw8,2023-01-27,Intro,5o1slcPxllJAAORQtwHpYH
98,SG 워너비,Sg,4cJpDxU9dz5ji5XEhD39LK,The Sauga Continues Vol. 3,0QTFKMS1xiMMNPwvavKlO4,2008-03-18,nan,nan
99,SG 워너비,SG Wannabe,5pzvcP5d2vSpy7YJucF4Bb,The Sentimental Chord,5UpmaEi9seqjoa9ZF7LPCw,2007-04-06,아리랑,29VFnFHW1a3eO2nmVWzoRO
100,UN,UNKLE,2nszamLjZFgu3Yx77mKxuC,Rōnin II (Instrumentals),0RmYCsSqNaDMzUGn9V6l2f,2023-08-09,nan,nan
101,UN,Uncle Kracker,2DnqqkzzDKm3vAoyHtn8So,Follow Me,1f8um2hXEi6AFXm0UJ4fkL,2019-08-02,nan,nan
102,UN,UNEEK,1tRXkp26XI3YLM5Vp2VSiA,BULLY,4FDdxaUb1H2tIEvgMONj5H,2023-08-25,HIT,285ASg1w1Tej4Ws7TkDCXA
103,UN,Unknown Mortal Orchestra,1LeVJ5GPeYDOVUjxx1y7Rp,V,1epwNzmWdqkBQQZpTa8KJD,2023-03-17,The Garden,0xUeLKG6g1vGXSlHDsLKAf
104,UN,UNIVERSE,6fCxl3Uhiv0cCYGgDElhRV,MAMI,75syBRRQKQH3Zpo05zTkIM,2023-11-30,nan,nan
105,UN,Uncle Lucius,49zZ2lRNpfwWfUnASUxCYW,Like It's The Last One Left,0fhkwxWGU1kAaqkCq6WGsd,2023-12-08,Keep Singing Along,01nDQomiZccRCLJgcDldMe
106,UN,U.N.L.V.,4o52X0x5nh6Q8vnDKuy14G,Mac Melph Calio,5HfNDJbDKpR9JmLyrSadM6,2022-05-05,Intro,6Jw99xqbyhV6vFHosXe6T4
107,UN,Unlike Pluto,4zjO8Jhi2pciJJzd8Q6rga,Dizzy Bezerko,7j6qZagB7dYjtpXyyPd4hv,2023-08-25,nan,nan
108,UN,UNIQ,0ewnmx72rVozQtvslLl0t1,新年快樂2017,3MFELdDUWhYI7HhzE727Iz,2017-01-19,nan,nan
109,UN,United Pursuit,4YCpRzudpG6AeE0IvCjiGo,What Could We Become?,1MMXGg6FciHxwp6hXHdO3q,2023-08-25,nan,nan
110,ZAM,ZAMINZO,6XT8D52EpegEHtdbUqNShA,V8,2oNeKPVcQkb7nMxAhA5mHX,2023-08-12,Run it back,3QxDWLetyAphnRD5I4Fsgk
111,ZAM,Zach Bryan,40ZNYROS4zLfyyBSs2PGe2,Zach Bryan,6PbnGueEO6LGodPfvNldYf,2023-08-25,Fear and Friday's (Poem),44IXD2J5yyr7PpOZzz2cmQ
112,ZAM,ZAM,7k8AX7vkTQ3qRxkJL1EanQ,Minute after Minute,40rdJ7syE7rkDno49Cxo4r,2023-09-29,Minute after Minute,7wAePOlnCxKVPldfPVrOCS
113,ZAM,Zamphire,1oSjfZFemVPG0PZa6j94vl,Sumi,51UT3j6mIB5kC0U95mbl5J,2023-09-22,Sumi,5lATrmvuPq7nPLJsq4DkBQ
114,ZAM,ZAM,2llNH1Vz5MwuaV8dJsoSdA,nan,nan,nan,nan,nan
115,ZAM,Zamir,069X32ooT7djUGNCcIhKFq,in time,7fML2cIvKtiuuc6F07CgPB,2023-03-03,looking back,407fh6uyBPBsWu6WJddauX
116,ZAM,ZĀM,5M0zxfdXwxLo51sbAEM4vy,Waves of Seeing,32kRB0x6bouei4pPv7ocau,2023-11-24,Sources,0uqVIye5aaDnvBLFAlVv3c
117,ZAM,Zamio P,5Zvfz5yNT0WKOcfIT6HjyE,COUNTRY BOY IN THE BIG CITY,7m38XOZmEQYV4A4BFuKOGV,2023-10-28,nan,nan
118,ZAM,ZAM,7KV0bx3rOlsyrp8PSfQh6A,Life Of CAM 2,0yKupPfKxdOGOETUnJsj6c,2020-12-19,Star Of The Year,6FTGc5VwTjCcU1R21MHCZl
119,ZAM,Zamar,0V79NNbVHjcBvGW1R7wG3A,I Found a Friend,1b9LKVzqGEmhGjHFMy2Fu2,2017-11-01,nan,nan
120,가비엔제이,Gavy NJ,6Iyc2IvCGBNStXUmPa8hmu,SHE'S SO PRETTY,2c9WhlTKVDWzTIVaHKUebH,2012-11-23,nan,nan
121,가비엔제이,건지,79xtZ56bsMOQwiTe5Ob1jD,I'm drunk again,1UyKRbh0se9go8MWN1q2pg,2023-06-27,I'm drunk again,3YtyIbBTMp9Ivhygv3eK30
122,가비엔제이,GavyNJ&POSTMEN,1durxjeZlV3EHRXCXl3HYW,Cleaning,0SWOqGQidkpkHFRQODqGFo,2012-08-09,Cleaning,3U2bhjF4t5y74cukG2XnlX
123,가비엔제이,Monday Kiz&Gavy NJ,5s8Gjcq4aoVwXvHwWO1m6Z,Soul train Part.2,597KD6swVqtzQWu5AgVZLU,2011-07-08,BingBingBing (feat.Sunnyside chang),68GpFOT10pwfFUYPX8pOVu
124,가비엔제이,Jenny Of Gavy NJ,1b4aotqKKi8EfufrFf6FyC,nan,nan,nan,nan,nan
125,가비엔제이,Gavy NJ & 6 to 8,6IycStuhKrlEqu6YAWlfHW,Please allow us to fall in love..,4vUJKKCnuhAjuSSpuxuH4S,2014-05-13,Please allow us to fall in love..,1AGU10Swll3VFbDNqHvyAf
126,가비엔제이,GavyNJ & The Seeya,0FDdpB0KOrjBOZ2Ee5VqLo,Tear up,3cGSwzdSZJOHlzF5qOA4Qv,2013-11-15,Tear up,1yD3o7OMzdEVRYyP0sVSlo
127,가비엔제이,Jang Hee Young(Gavy NJ),1BxrN93mj9Kfyr3c30p6bE,The day I loved,4iwA5uvdqfMFhgq6OkBdUa,2014-04-22,The day I loved,1OBgfY4AJLJf2uECGb28Gt
128,가비엔제이,Gavy NJ,60qqthNptdQHHTiSb7O1tg,The Emperor : Owner of the Mask OST Part.11 (Soundtrack),0fop40EElaaTtho0fZXbIE,2017-06-21,All my heart,0xwD55nKgCd5fRgw9tGuez
129,공일오비,015B,4uU7KfTjcjyKUGWSaTzLu7,Yearbook 2022,7wMpdprIWFdFG1z8vhpOb4,2023-02-28,My March (feat. Dawon),2mCAQ8CzbYedbzEhWIIS2S
130,공일오비,Lee Juck,0pfVDTchnVMBTzGylIuJNa,Trace,2U7ymBwDYD9MisdhuSQbsk,2020-11-11,Water,5Z3RG0NV7wTivlz71szjce
131,구본승,Diva,0CI6MkDddUbiuI8T7V5ZcF,Only Diva,74OewP8N2dDXLOVfUfo9Fx,2005-08-29,nan,nan
132,구본승,구본암,5jA6gbaLRLnA0Nfk5WSfFd,Koobonam: Bass Pieces 1,61xcmkhhoJspqFAgbaUF8I,2021-08-17,Zangief,1b4SgLKFhi3vrAWsjuSsoL
133,구본승,구본수,1QNcPwrY8ADGPfbMtZAyuW,nan,nan,nan,nan,nan
134,구본승,구본겸,3PIWo7AWtU7xeWkE2ZOTin,nan,nan,nan,nan,nan
135,김경호,Kim Kyung Ho,15Tra1ytu0naoNByIhZArl,First Love,7Hwx3pleovSxhlVgJ0xaH6,2019-05-16,nan,nan
136,김경호,김경호,25Qd17778cR6eX2fnHBfig,The Life,2whTv68Bl5aELGjqok13yu,2001-01-01,Intro,6WcZvUxzYqcoqfxTIgs3R6
137,김경호,Yoon Do Hyun,6KsmQPHXE3qhzNNBPSZ0eB,Difference,36HKeRjDoczel62iwy3z75,2005,I Guess I Loved You,1w2hClDL1xH4FPZIipZ1FJ
138,김경호,Kim Kyung Ho,65UXwY89OZG9und9DKJFpi,nan,nan,nan,nan,nan
139,김경호,M.C the Max,3MaRWfwKpbYnkYHC5gRKYo,CEREMONIA (Complete Edition),2itIZTzeIXjJn7sqReMvQE,2021-03-25,Intro,2uZAGpoTOjJMt5RAvbblGC
140,김경호,金京浩 (김경호),1jPXILK4KYFTo1ec1D6NCm,nan,nan,nan,nan,nan
141,김경호,Park Hyo Shin,57htMBtzpppc1yoXgjbslj,I am A Dreamer,6ceHoTiPm8m5gera0XdBOW,2016-10-03,Home,5FUtACXX7AniiESuPD8Ohw
142,김경호,Kim Kyung Ho (Accordion Kim),001MGprBWa5E9BENmgbsVD,Walking in the Clouds,69BsJhpdDXjOh9jQ7V8uh9,2023-08-02,Walking in the Clouds,2lSHAh5yY0pCh2yun7QGek
143,김경호,Sung Si Kyung,7jFUYMpMUBDL4JQtMZ5ilc,Sung Si Kyung 8th Album [ㅅ(Siot)],5fsoVsbW2EvwhCqpEHDvdi,2021-05-21,And we go,0FvQZmZnr1cfIfWwQmdNSU
144,김동률,Kim Dong Ryul,3zYyfrb4r6ZHI5Di0rB9bV,Monologue remastered,7Flva1p9NgiSfUbO3uHuJ8,2021-09-28,nan,nan
145,김동률,Sung Si Kyung,7jFUYMpMUBDL4JQtMZ5ilc,Sung Si Kyung 8th Album [ㅅ(Siot)],5fsoVsbW2EvwhCqpEHDvdi,2021-05-21,And we go,0FvQZmZnr1cfIfWwQmdNSU
146,김동률,Kim Dong Ryul,7Kk6aOLcVfuvvl1U5jeSDP,Hope,1JFPMZD3AbTQc42P4fQLSW,2000-08-16,In Two years,1WBWUCf6rB6AxIqxOQglGi
147,김동률,Lee So Ra,58BWh3yJrluDugLv0QF0eC,8,6CuUfBK2KSvL6X5I0Y0gps,2014-11-04,nan,nan
148,김동률,김동률 Tony Kim,1OIrbZnYGUEZV24tp3VXZ1,그분이 아시네 He Knows,3LhZ3kzeGWdGvcfKcKRRsm,2019-01-28,그분이 아시네 He Knows,3FEQTceeXQuLoVIC0nhp0H
149,김동률,Jang Hye Jin,21TmkTAf40eB7SiNLYptbH,Ordinary,47QSmpPzoSBc3dih7hOfKa,2016-07-21,nan,nan
150,김동률,Panic,13bWD4s098qRgPVlHcbgCU,Sea Within,2QuDH1q9Wds3sJ5Dbs9adF,1998-05-11,Penicillin Shock - Intro,65BObybMKpr3em7OEQLhRf
151,김민종,김민종,1wEyGbuSlgNqFKT7bH5Y9p,애,5DbE0NBVjUrhIh5C44Gz3i,1998-05-01,Prologue,05nlQGtSvmClbIEXBbpzz8
152,김민종,KIM MIN JONG,0C05LhNCdYM5sW3XEyyAsm,종려나무 숲 (Original Motion Picture Soundtrack),3MxgGdn3dsots4TFjW7WVA,2005-09-02,nan,nan
153,김부용,김부용,1zP1qArProGmCFnXT1TTK1,Chance,5VtwoDMigUywCfuTSHdFn3,1996-04-10,풍요속 빈곤,2qnlW0kwytpE5wrsUl3RoE
154,김부용,김부용,6PcSn2XA6GFvMeTP05y6Ot,Friend&Dream,2XrGTKtrHKOttWTse4s8xs,1996-01-01,돌아보면,1yjdqkNpxxQ0NlLrDs2HN3
155,김성재,Kim Sung Jae,7e7pwSr2mLxAq1QbWkzghk,김성재,2bklVpbuK5jsVrLpebiu9o,1995-11-11,intro,17Ty1d3JHZzQTjUHG5yQW9
156,김성재,김성재,0rS9mdDyN3fserFrCC0rPB,nan,nan,nan,nan,nan
157,김연우,Kim Yeon Woo,4vsTrZ8Y7nKqQM0BJQ6Dvd,Forever yours,0SmS3QKxpiblknw3DYP3a5,2018-05-10,nan,nan
158,김연우,TOY,7sS12h1hMwOqXiB5vYdlu8,Da Capo,2aFUFpaIjQQV7dWYsWsvEx,2014-11-18,No One Knows (Inst.),3AnfnAPkA9c5YJcFte2ZZP
159,김연우,김연우,306KeiDI5GhMOJlsQjuN1R,"가을이 그린 그림, Pt. 2",6JKT7kIIpZwKaXH0q9MPaO,2022-10-04,빨간요정 노란요정,04hTNihJIAwxdVsY3ZQmbu
160,김연우,Yoon Do Hyun,6KsmQPHXE3qhzNNBPSZ0eB,Difference,36HKeRjDoczel62iwy3z75,2005,I Guess I Loved You,1w2hClDL1xH4FPZIipZ1FJ
161,김연우,Yeonwoo Kim,4th9eezzlfTW36dkF6rmAL,Ariyo,79Y9X20433we8Z91jByBLD,2015-07-20,Ariyo,37vtvPr9UTheTl2JchXxQ6
162,김연우,Kim Kwang Seok,0Sr5L3iWPn0k6KnDr8RYS8,An Unsaid Story,3nnfqWu9dRylWcgYsF85Hm,2020-12-28,nan,nan
163,김연우,김연우,3JvQVjAazsHljtUc8CKL51,nan,nan,nan,nan,nan
164,김연우,Lim Jae Beum,7cYFopPCh8aSpBHANLgLaV,"Seven,",50ypPSIjofQu7iEkA4ILTr,2022-10-05,위로,666Lf7IZkTQs6L368RNimD
165,김연우,김연우,2bvC0qQdy6aI9TPDwTMG8T,불란지,7mTc8dylJJ1WsyX2jLR81R,2022-12-02,불란지,4tNm85AF56SSYnKpqPt40B
166,김연우,Kim Bum Soo,20K5puLWHL28ckI4LjieDt,Again (Remake),2sw42O0kF4rd8iqLHFdJKk,2020-12-22,nan,nan
167,김정민,Kim Jung Min,3SqnTAwj36AgFDT1XVIPD8,Navi Effect,4GzAhO3gvcYMmT03QOse6j,2021-02-10,nan,nan
168,김정민,김정민,2in3jNP7V5pBvdCpIYBpuY,Beautiful My Life,7zN4B9fsoKP7McCtRxPHWb,2009-09-23,Beautiful My Life,4c1NSk9NkkM4V3EveMtJcH
169,김정민,김정민,6ViDZNebjTpDWZvyZdqG6M,nan,nan,nan,nan,nan
170,김정민,Kim Jungmin,0QSBV13MXQhqFQJeYqX9Hm,Heungboga,7zGYVdmjhPW4LVV3P5yV1A,2018-09-28,Nolbo with Nasty Temper,3Bj4fq8AUfh00c06QJFkBg
171,김정민,김정민 Kim Jung Min,6Gug78Aarvk4dKIGKusko7,God-ing 2,1fOJPJNcL9vpm1CSaEVX6W,2020-08-24,nan,nan
172,김정민,jungminkim,4SBnsuroDK8z71TELpD2Wu,a stately dance (Feat. Daehee Kim),6Benrac1Zv2jbsOAZ1vaA6,2020-07-10,a stately dance (Feat. Daehee Kim),3i8E3PBitslU1Q4Zo01IAh
173,김정민,Kim Jung-min,7ctn2XlVDNBPXawONWJ4e2,Young Lady from Yeosu,5WjJyEUSQai09neWxZFKyW,2011-03-18,Young Lady from Yeosu,4p8qzoORmYqYAxmSZvR596
174,김정민,Jungmin Kim with,7KsTnzqSNgiONaTQYRo7i8,교감 (Feat. 이자람),1FJXq74CCSPzPDEvLmk8Rl,2021-10-26,nan,nan
175,김정민,Jung-Min Kim,3wd0MviksWKlXa8rWO7gOD,Return,1tKXX4TCkqSXGZ4QclNcL2,2012-07-31,nan,nan
176,김종국,Kim Jong Kook,60YNqzrSj7rJkuqHkpHPqG,Here I Am,2s12iviLT6fAPDDVJyr0Th,2018-10-22,nan,nan
177,김종국,TURBO,3aboSJaljyYlTRXt7pEH0G,AGAIN,1SZ5jbvSbrYO8PJyx3mP3e,2015-12-21,Intro,7lRmBAmYMgMs69DpfkyHuS
178,김종국,Kim Jong Guk,6TVL3a6bpW4eiiZJV1Fawr,Eleventh story,1ebjt24kmN9QwHcwLwnvxE,2010-01-27,He is the one,6uTy1hKnQ0EiiyQUaR63uW
179,김종국,김종국,4F2vZbPuOm5HRJGniatvNm,Renaissance,0bA3YUtCmr9pXnhpTdEu6r,2001-12-01,Prologue,4wnor8oi73rSvsEyFKdfJh
180,김종국,金钟国김종국,5QxO2dJZL0SZLOctXnAgZt,听见下雨的声音,69FTrxX73t4zZo9k5qePY7,2022-05-27,听见下雨的声音,5HmviX3gtsw4Ngskn7Kqhf
181,네미시스,Nemesis,7s6c9ypNHq9nk2h89gv87R,White Night,3LDZHIXrYCEE0VEoV8B92p,2019-01-11,nan,nan
182,네미시스,Nemesis,5xfXjHZ4g7xyDnvEw12wKU,웹툰 하이드,7x1fk1JzVBOeyoQh6xO32F,2015-01-20,지킬,2gtLnrtJpSI90RFnT8DK1a
183,노라조,Norazo,6qKi9ZFq7JiwMy2LvMAqNp,Bread (Remix),16IdgE72U03ATkuBOAh0Sm,2021-04-28,nan,nan
184,노라조,노라조,7Mv3E7S24Gp2ukjVuNIzZc,첫 출연,548hqLVMMEPc8JgdXWRSpy,2005-08-02,날 찍어,1yMic8BXX80RfTydAhwtAd
185,노라조,NORAJO,6OFDDstHfws7WlcWc5JIcL,Let`s Start Again (MBC Drama) OST Part.7,4ztz8ppdqdwPrp4qFlZFaq,2016-07-05,I don`t send you away,0p1EHwQOSMe4Dvwiyt1HNn
186,노이즈,NOISE,1zca6J0gpXqOW7i7xkdQr4,Noise?,6MThsEaiXj8Z8XQIcbNLOM,2000-06-01,nan,nan
187,노이즈,Natural White Noise Relaxation,5vAOhgLzO7xatvz91qVCRB,Natural Noise Relaxation,57f6Bffzqs0VZJc7AbPlzJ,2023-12-11,nan,nan
188,노이즈,White Noise,3isyZmZLDZ3ZFFvPHdr2eK,Relaxing Airplane White Noise,7IfFqrxcyVTyiMs7PQBncF,2023-12-11,nan,nan
189,노이즈,Noise,1ndo1he29FAeiehsdw5g0t,Schrodinger's Zombie Platypus (sdgrsr 55d3 lu7 a4g3),0tFwwLUTo3JvNvNCBqz97H,2016-02-11,nan,nan
190,노이즈,Noise Mob,54OuLeu7pXjGOQjIBpmAkB,M.O.B,3LAjKL0zzpyCE1tqvkx4H1,2012-04-26,OMG,0YNIWNiWwd3YGPyruLYOBi
191,노이즈,아기를위한 핑크 노이즈,6kpK22lD1T6YHNrIMUQPOn,모든 유아를위한 평화로운 팬 사운드,061zOyWVSqXq4LkAnXWpm3,2021-03-01,모든 어린이를위한 부드러운 팬 사운드,4ZXQARvxyKcg89pXIurmsk
192,노이즈,Noizegarden,4xFXTZgKQSe8rUxokaa13n,1992-1999,2Z4JqF9RX5xeZuoJvWIwgw,2014-04-30,나는,752qyajCvvNFCQVAMo3xAr
193,노이즈,Urban Noise Project (얼반 노이즈 프로젝트),1SGMmGdOG6E3YHaXdVaLTH,Love Song,6sjHpY54dT2tilog2bOybN,2021-03-23,Alone..,7x19MT01i78XUrgPAeWqbT
194,노이즈,Noisemasterminsu,5aIhsY6GeoSPC2CAwuIYJ4,FLIGHT,4nTqBJGDO8EM9dp8BNVq4F,2021-01-26,FLIGHT (Feat. Cid Cyan),7MngffNdec6NYCmBHqHGsC
195,노이즈,노이즈(NOISE),3eILl2khVhUyDEg60YtYtZ,ANTI-NOISE,5y9YIJKpUsH2RyURIf3Bfq,1998-06-01,Today Is Not Over Yet,3jXOGPPaAnjtoG2MvSbvMB
196,더블루,김민종,1wEyGbuSlgNqFKT7bH5Y9p,애,5DbE0NBVjUrhIh5C44Gz3i,1998-05-01,Prologue,05nlQGtSvmClbIEXBbpzz8
197,듀스,DEUX,64RfnYDHtR3ZaLdtxAjPDA,Forever,7joHheuzurSaLIhA6w59i0,1997-03-06,Deux Forever (Intro),4ocq07mWTYTsrptbo3SRVb
198,듀스,Solid,5QxwwdnZNkIl7AyFEPZxX5,Into the Light,3zx7uivDY6DW2UrvPs9wua,2018-03-22,1996,1DheaCmQq7Sne6GmFn6Lyy
199,듀스,DEUX-G,2eA83pWgwOqAshxkFiT2lh,MBN SHOW KING NIGHT EP.9,0cFbZUIKjnbmldz9uxUo7D,2023-09-16,I,4wcA709VUPmIobLlT7XoNn
200,듀스,Lee Moon Sae,2eVlgLy3Aym09gM3dqx6cq,BETWEEN US,29Us1FFwxBny0K6B6izTxz,2018-10-22,nan,nan
201,러브홀릭,Loveholic,7gSVTyMFvcvwb6JUAJzLb2,Dramatic & Cinematic,6CN0xylhSXvdAudTU3ihQo,2008-03-11,Because I Love You,0QI6brLudACBCVoMWEwj1X
202,러브홀릭,Loveholics,68GXqr2rC0yIbkTA8uc7HV,In The Air,0n1g0qLQMfaesqL2g3k8y7,2009-09-10,Raining,3KDxnjqz8COmBU2L46aZTX
203,러브홀릭,지선(러브홀릭),6d7osgEsQMJjLRCj1hYz04,nan,nan,nan,nan,nan
204,마리오,마리오,24acSW2iOlyHaRWEvD3Hug,난 너에게,3KwqCNNHTUH19177U6KjU0,2008-09-05,난 너에게,5bg1FVWTrjkGFCCdgR8Le6
205,마리오,Mario,20s0P9QLxGqKuCsGwFsp7w,Dancing Shadows,2DEpDHpIuQbCsLy0rKyhaI,2018-10-05,nan,nan
206,마리오,Mario,5S4eAXWoonTLYHerdKliG0,Recognize Me (feat. D.I),4f6A9t4DLZReZc0zcQaqT0,2016-09-21,Recognize Me (feat. D.I),0rkKYs6iRjMSvpSL65DJGg
207,마리오,MARIO,1wLXYnlqlJNSFfNlsqEsbC,Time To Mario,3qMmAFLPZS7RrlmAzD1sdC,2010-10-05,Intro,09xPSnAf0ci4fDMX2vDrQM
208,마리오,Mario,3moKeRA4ejHZxIDKjojpqV,마리오랑 노라조,6AUgwpG7OlR6vBoax5QPuf,2014-06-17,Man Of Steel (feat. Oopsnice),3DyMJqhWMpB8ikYWGgxdin
209,마리오,Mario,18jFCxeND6kWupH0NeBB35,Będę czekał na Ciebie (Original Mix),1uZnvQYVXZ5DpEbOoyPjZb,2017-07-21,nan,nan
210,마리오,Mario,2AEhGKpeQv0zjJwPUk9vQK,Selviana,1qJaws3XUUKUkqR0WfuuB2,2020-09-18,Selviana,4JuCtYR40o6z7tyltFQxBy
211,마이티마우스,Mighty Mouth,7pxK1v2idIDo5Imir0lb5i,Mighty Fresh,2bIr0gnHTtmJTKcdw7V2cn,2011-01-18,MIGHTY FRESH,2CaDYrCdAophXUXK0qRrrp
212,마이티마우스,Mickey Mouse,6w6OUqDUOPDvEHY85kbJRE,Disney Junior Music: Mickey Mouse Funhouse Vol. 1,4WAOBwmnOk4t3aZ7a4z7ZX,2021-07-16,Mickey Mouse Funhouse Main Title Theme,2BBv4eQW0UwyQdIyoP0NiR
213,마이티마우스,마이티마우스,3AW5VD5kL8VHcp6vmNkT6X,nan,nan,nan,nan,nan
214,마이티마우스,Mattyeux,3bFokK6zCab3bPwSjktEVF,Ouragan,3iJHdURPYUgJsWMFZfW4uz,2023-11-24,Ouragan,4uB57FLLnkytm3Hoc8KRtT
215,마이티마우스,Mickey Mouse Funhouse - Cast,1Vn7zu8r6zi4pYbSq0XWIS,Disney Junior Music: Mickey Mouse Funhouse Vol. 1,4WAOBwmnOk4t3aZ7a4z7ZX,2021-07-16,Mickey Mouse Funhouse Main Title Theme,2BBv4eQW0UwyQdIyoP0NiR
216,마이티마우스,Minnie Mouse,0UOuBqKAookZ3EopZFlNL7,The Wonderful World of Mickey Mouse: Season 2 (Original Soundtrack),17CjYqO32qWp02kmqUnxNg,2023-07-28,Mickey Mouse Club March,6apPzU3anNr5qkDfcw55ep
217,마이티마우스,Maitchhh,265iWAcdttWU3gFXjrcbbh,Over The Money,2gamejGz0aZlIjw3YmqaT1,2023-09-19,nan,nan
218,마이티마우스,MINGYU,5gUpo0BRmo6EOTbyU3z5Ay,Bittersweet (feat. LeeHi),6qVk855QPCh57noNeeHMXQ,2021-05-28,Bittersweet (feat. LeeHi),347PJwH4XqRbeaKaIW9sX3
219,마이티마우스,Maty Noyes,5JSXWmQO8csVUy6hSRu8TA,The Feeling's Mutual,2neZEfmBOHLIaVcwoW7rZk,2021-09-03,Sunlight,57Pwu6GLc6beWqM6nrFwe8
220,마이티마우스,MYTH & ROID,1NRrtMvT3o1TI6I8XCuweq,eYe's,2VFEPv8gs1mSj67hEDbRMO,2017-04-26,- A beginning -,44DKlYib2s0q3oOk9JDm2f
221,바이브,VIBE,68ym0sOo7MazZxScbm1wtI,ABOUT ME,6sxOMgS63kM7nDYkUYkkuZ,2018-10-10,About Me,5v0PGt3qyGBpxW27tOt1hm
222,바이브,바이브,1ADffw8h0Y5eRlYIT87EZd,Do U Remember?,50FLioGwgT4Xe1VqV9B6F5,2003-11-28,Do U Remember,6eWN6vslQK3BLTocei2lOs
223,바이브,Jang Hye Jin,21TmkTAf40eB7SiNLYptbH,Ordinary,47QSmpPzoSBc3dih7hOfKa,2016-07-21,nan,nan
224,바이브,YUN MIN SOO,1chAxRqxKcAEVRmsMlXScd,Later,0IWeFQDkxzxdpurAuJnCg6,2023-04-11,Later,5CwBV9ZQ1UGJZvqJI30lA8
225,바이브,SG Wannabe,2c3IakpImjWyeXNvyyGsdn,Do You Remember,6Uv0YkRoThmA58sM6rpFIN,2021-05-07,nan,nan
226,바이브,Vibe,0ZrPyHGPWRiOphFxml3rFO,Tini szerelem,5blvnB80zf8tCeTyKZPlKC,2020-12-18,Tini szerelem,7z0oa8F5mMVzMkXhCkGGUV
227,바이브,Panic,13bWD4s098qRgPVlHcbgCU,Sea Within,2QuDH1q9Wds3sJ5Dbs9adF,1998-05-11,Penicillin Shock - Intro,65BObybMKpr3em7OEQLhRf
228,바이브,The VIBE Family,4REbcpCyCNmg88x5azw4m4,Lonely Christmas (Made in The VIBE),5QM1VT9puUgwFxgHpPjbu6,2014-12-16,Lonely Christmas,3giKsour6rLeSBLsQwQv13
229,바이브,Noel,2G5VFTwwlZUulCbtPbc1nx,보이지 않는 것들,4AGt6380XlkDfOtEOvQZu7,2015-01-08,nan,nan
230,바이브,Vi.brate,321PdD0cWZjyfGby5GvzWP,Depression,5KgJhSkAtISe8nvM03PvrB,2023-12-01,Tonight,0eyWVOttXZzOBh51nW5ES2
231,박기영,Park Ki Young,2wAjuE3pVtauK8ZQ2p4SXN,LOVE YOU MORE,1bCgoQmj4jc6y61mxK8SiG,2023-10-18,nan,nan
232,박기영,박기영,5im0WmDRKpvR8acSGhOOq6,Bohemian,2k1YFQ2do2TcQjrLyFq4FA,2006-09-12,Bohemian,6uJrlz7lFMYxfgEGijKoPY
233,박기영,Park Hye Kyung,0VDruJIp4XAwBf2V3Zwubh,Feel Me,6iPRLaz4DRqeHSJkEBLQRw,2002-02-20,아침 창밖에 (With 이상훈),1C2g95lJZE8Ed2ahYw6yYn
234,박기영,Ki Young Park,0CNsFtCStKbdS9cfzHN6EA,A Primeira Festa,0IWdzCXzL5Rqc2Bi3157Zi,2015-11-20,Nella Fantasia,3iKvIAHDYeb5lWznLDvCip
235,박기영,Baek Ji Young,3l0MJ9LCiBlMyOMaz485Q5,PITTA,1xPYTQxp6yojQqou0ShAJF,2011-05-19,nan,nan
236,박기영,Park Ki Young,7D4GagQTbDHDPIthukPozG,Talk to yourself,0RpnFBkS6CPvracenErIi7,2000-03-22,intro,7dGkZF3D8tNqw8TQroPpYk
237,박기영,Fatou,3Cv8Mlj2kEGomJuHHfMKHZ,Letter 1 - Adaeh,2wOS57sJ3G4Y8ZUkMG3hAY,2023-12-08,The other side,4BZescGnmwiHnr59qDoxty
238,박기영,Park Gi Young,4PMiYynXXLwLa6gsgkLH24,백마에서,4W5qmVALGyfZAEflvRn77K,1990-04-01,너,7rZVGWULpilBjKPWfliG9F
239,박기영,Younha,6GwM5CHqhWXzG3l5kzRSAS,YOUNHA Studio Live Album 'MINDSET',3pY7uXFrbq96BhWXcomLIi,2023-05-10,nan,nan
240,박상민,Park Sang Min,7nbE2lMt1tbp5y3Uivn0bu,Return To Self?,3H1M2K618WX7LaUgy7VJHU,2011-05-14,nan,nan
241,박상민,"남진,설운도,이자연,조항조,박상민,송가인,정수라,강혜연,양지원",37U7RxYHBlnnJ782z2Shgh,대한가수의 노래,7opnbgrbgy2qdvjnRaT9vZ,2023-02-24,대한가수의 노래,1vAhZc9DT4WCBvp0hi3wZD
242,박상민,Sang Min Park,1tMXEBg4KNFJPpzCQa2y3s,Gone,3vGHt4qCtLknFpn2lt1UKa,2023-07-26,Gone,3iYNTp06TskjWyLB7TMh1Y
243,방탄소년단,BTS,3Nrfpe0tUJi4K4DXYWgMUX,Proof,6al2VdKbb6FIz9d7lU7WRB,2022-06-10,Born Singer,1IthE5GNiRzFN5CVaCa445
244,별,BYUL,2uoSZGvqrwdjVgn9fOUjQp,Startrail,4fHQGchrMiUFNmuBbnzkRN,2023-01-11,Moon,5mldS7gdyq2pJt6Gze8uqx
245,별,별하나 동요,4RFxs9Bf4FY1c4eyNZS8uy,별하나 감성 동요,30pSCZlfhkgojRJoV2gtis,2020-12-07,nan,nan
246,별,D.O.,2CQZr2RPZmrcvDnaod1ldC,CART OST,680xGIfuVXMyY3fxb0kII9,2014-11-03,nan,nan
247,별,Joh Ung,65JdRQX0aV6M87dxRen9cX,nan,nan,nan,nan,nan
248,별,Byeol Eun,6PlVpPXatgot82WQgqM6S2,"Imagine (from ""A Good Day to be a Dog"" Original Television Sountrack, Pt. 4)",0QaV3fLdt1NMWRGIHLSgut,2023-11-29,Imagine,2wjpHP2YJutmYisQ0hLM3S
249,별,Younha,6GwM5CHqhWXzG3l5kzRSAS,YOUNHA Studio Live Album 'MINDSET',3pY7uXFrbq96BhWXcomLIi,2023-05-10,nan,nan
250,별,GALACTIKA*,0DFQkmu5LD7GstHM0pwh8H,DokeV - ROCKSTAR,4wjGOzzR50CDirlnRV9ZFy,2021-09-15,ROCKSTAR,7ETbe62e2fnRg5Qm1lbcE9
251,별,조웅 Joh Ung,5hRf3aQw3QloJKAFg0u7bl,슬로우모션,2h7gpAjr6LTI8S01oSjiGZ,2023-10-20,nan,nan
252,별,Three Stars,2w0JzUYoFsptl2F1E3SHdC,Dusty Tears,1pXFQu9vm3Bxwc6cVwIR7U,2023-06-12,I Love He's Walking Away,0XkdYZNqVGnvOhGSCSzSNk
253,별,Jukjae,7bWYN0sHvyH7yv1uefX07U,The LIGHTS,2QtJUE3h7lHsKAUnTlNV4U,2022-11-09,nan,nan
254,보보,Bobo,4W6DLx1j8rZzzcbMuUd42J,Rocket (feat. Artie 5ive),1aNeLmS9s5Yq9i2IbpkS9w,2023-09-07,Rocket (feat. Artie 5ive),0mBodlmNGZMVHCjv58MbBC
255,보보,BoBo,2ReU09e8cwWdv544qEDTDK,The Natural,49RLS5l807NlQW7Uq81oFc,2002-11-25,Remember Me,03pmrDk0lNwglRO01FwNu3
256,보보,보보,3Uxvlaurb6mOFQKi90W4t2,nan,nan,nan,nan,nan
257,보보,BoBoBerry,5eNVuQqasDx71Nfd5k5W56,Emotion,5HDsxaUheYa2scA37aTrw4,2023-08-01,Emotion (feat. CheonYeong),1kSGiKTyxpunfiyd67pSUU
258,보보,Vovo Weng,6PCgHWpTRnzqBTTbLv9M7q,LIVE SHOW,67rIfatFkIQlVddKVBi5TN,2023-11-09,Pororo,0HTBBNYw8Ty80fOvGlZm94
259,빅뱅,BIGBANG,4Kxlr1PRlDKEB0ekOCyHgX,BIGBANG JAPAN DOME TOUR 2017 -LAST DANCE- : THE FINAL,2eIjByPSAvov7cdnzpohZB,2018-08-17,nan,nan
260,빅뱅,G-DRAGON,30b9WulBM8sFuBo17nNq9c,COUP D'ETAT (Korean Version),6A5g9sz5nChdBMdcATcCjB,2013-09-05,COUP D'ETAT,1SYcF2fUYDYQsISyFehQYI
261,빅뱅,2NE1,1l0mKo96Jh9HVYONcRl3Yp,2014 2NE1 World Tour Live - All Or Nothing In Seoul,6kr5gA2EVJXHXIMEqkJjwc,2014-06-23,nan,nan
262,빅뱅,god,7h3uRR9CdZGjnAY9stn0es,Chapter 5 Letter,50TP0Mj8SX6qy13FbKfOCy,2002-12-27,이렇게 또,5YRc5idjz9YY3MQSKqjdk3
263,서영은,Seo Young Eun,62kwqoGbwQOLwfOWnDb2iB,Rainbow,10ffcu8iKAsteNYO01v4m5,2009-10-27,nan,nan
264,서영은,서영은,47vbCSZ9Wdm32dLEMgprX2,nan,nan,nan,nan,nan
265,서영은,서영은,2hnCCmrpPWC6nRcijuFSDZ,nan,nan,nan,nan,nan
266,서영은,Suh Young Eun,1uQ8BQhLtGMfK8PS3UAdNX,서영은 리메이크 베스트 모음집,0l0SOvBRE7tf85NExWZMeD,2017-09-18,nan,nan
267,서영은,서영은,1mLJvUFicGyr0xsdtZEePC,nan,nan,nan,nan,nan
268,서지원,Seo Ji Won,4TBgwwFdWe205WGBPIuiPZ,Seo Ji Won Best,7amJonuB374nwkxtpZ9CP9,1998-11-27,Gather my tears - Remix,5CeHRRl6OBa6aKWGc2O6kA
269,서지원,서지원,1uNdhkuW0NMfMvapngsFys,소리꾼 서지원,010m5UaRYFQapCyOELMWwq,2021-11-19,잉꼬사랑,2dk9LwHJ45jzhhAXRNSGJo
270,서지원,Suh Jiwon,0RIBDKbjMNa9U8tSnbQYZd,Fantasy,3nHdyASDcYVqWHLsxyG7aB,2018-07-20,"Carmen Fantasy, Op. 25",31Hqa2uLZrPAVlJCRALSem
271,서지원,서지원,0UrY3msco60rpao7UeaA1d,그날의 나,2vQybLXtdB3lcilFGKu8o4,2017-12-13,그날의 나,373KBwYeQttHKgSJsasOHa
272,서태지,Seo Taiji and Boys,52Gsa9Zypqztm2DeNkQfCm,Seotaiji and Boys IV,17FtUIvYCpYLApXSbqRIHm,1995-10-05,nan,nan
273,서태지,Seotaiji,3yj6KT6cRFojlL37psQ1dV,2014-2015 Seotaiji Band Concert Tour 'Quiet Night' (Live),7DbdJUnjVMWhRrlFXeNELF,2015-08-07,nan,nan
274,서태지,H.O.T.,5JrfgZAgqAMywJpLpJM0eS,FOREVER 2001 LIVE CONCERT,697cPaD568S5Zt4bgo4cQf,2001-04-01,nan,nan
275,서태지,서태지와아이들,764czXhckSHwpVD05fBqOf,nan,nan,nan,nan,nan
276,서태지와 아이들,Seo Taiji and Boys,52Gsa9Zypqztm2DeNkQfCm,Seotaiji and Boys IV,17FtUIvYCpYLApXSbqRIHm,1995-10-05,nan,nan
277,서태지와 아이들,어린이동요,18qRW1ZIjwsDCtOUHJ2lqG,어린이 동요가 좋아요 20,5t8cZNpdyS1wLAhtEMRn42,2021-11-02,하마와 기린,7Krby6zUYMXEJFIGDK9voH
278,서태지와 아이들,Seo actor,0Xdas0Cm8xqrnjUKIb6aLF,Everything Everywhere All At Once,604S5hsewrU3426zEa9wdD,2023-10-29,nan,nan
279,서태지와 아이들,동요이야기와 친구들,3wvWR8J8CO2kQVrkV9yYT1,어린이 인기동요 베스트20,0EYImP6ERDi619ZqgT7C0r,2016-09-23,nan,nan
280,서태지와 아이들,Shin Yong Jae,2frFGmni9tkRgXYdXmzQvR,Dear,2UKLUzxg6b2A1vZJfuf63p,2020-07-01,Intro,1x36rLvN09ZfRuVcZyvsNZ
281,서태지와 아이들,아기를 위한 자장가,6kU9vPrM8xHE7xQnjYBqxz,엄마가 불러주는 자장가,4YWsChCxgZacH1V61dnXsm,2019-03-04,엄마가 불러주는 자장가,4bzPJvLzsgugv59ozxTu20
282,서태지와 아이들,엘키즈 동요,7Gz1qSQRa5IEohyzhplWVT,우주최강 인기동요 베스트 100,56fh4ww7FNoev8qpCUS9y9,2019-04-19,nan,nan
283,서태지와 아이들,어린이동요,79AyTDokb16c6uP10D1zcP,"유아동요 신나는 동요 베스트100 (태교,자장가)",3DbY4NXfdg1AkYQ9GtVJJh,2017-11-17,코끼리,48z2EIk9Hm1vmjUi64gsJ0
284,서태지와 아이들,서우석,2IYwDTixu77668GggpmRXP,nan,nan,nan,nan,nan
285,서태지와 아이들,Towner & Town Chief,3Qm5uwdUYz6Bz64XOqsiYD,푸른 돛,5ka1jbuOzofnAJUs5p02SQ,2018-04-03,푸른 돛,0dMYAnaq8K6UlQLJXqoZGV
286,서후,Seo Hoo,4jYhOE4rUA9dZq38GgQCxb,nan,nan,nan,nan,nan
287,서후,서후,2nNZLRtn9tnEqh49cDLjmJ,이것이 인생,3aIHTL8JSOtpEexBceV4Xg,2012-10-30,이것이 인생,3TcVLiLSFijONRJHHAVV8d
288,서후,Seohu,5xkGaJr7iMdwpsJdbSyVXq,Butterfly,313LF5pMUP189WltitFkyW,2023-07-25,Butterfly,1Z1QEp0fNspohyHYDyh4lY
289,성시경,Sung Si Kyung,7jFUYMpMUBDL4JQtMZ5ilc,Sung Si Kyung 8th Album [ㅅ(Siot)],5fsoVsbW2EvwhCqpEHDvdi,2021-05-21,And we go,0FvQZmZnr1cfIfWwQmdNSU
290,성시경,Naul,22oiFjlZPKJ1XphV2et1u1,Sound Doctrine,14zfWfGYccO3Nlu7ZRzi4T,2018-03-28,nan,nan
291,성시경,성시경,3I1OkA7JgZhI7qt3GXij8i,nan,nan,nan,nan,nan
292,성시경,Kim Dong Ryul,3zYyfrb4r6ZHI5Di0rB9bV,Monologue remastered,7Flva1p9NgiSfUbO3uHuJ8,2021-09-28,nan,nan
293,성시경,Sung Si KyungI.U,5VxRb9n9oNi4reIgtoES9T,It's you,4gPPsga0kCleWyyT79EoKv,2010-09-28,nan,nan
294,성시경,Yoon Jong Shin,0hW1muryuCdZLfjoLrUhnw,가을 냄새,2swiWjcR6NOUHQO8gWobdu,2023-04-16,nan,nan
295,성시경,Lee Juck,0pfVDTchnVMBTzGylIuJNa,Trace,2U7ymBwDYD9MisdhuSQbsk,2020-11-11,Water,5Z3RG0NV7wTivlz71szjce
296,소녀시대,Girls' Generation,0Sadg1vgvaPqGTOjxu0N6c,FOREVER 1 - The 7th Album,3CcgnUkTrUaPTt4Ms1MkoP,2022-08-05,FOREVER 1,1oen3GpTcA486fTHaT7neg
297,소녀시대,TAEYEON,3qNVuliS40BLgXGxhdBdqu,INVU - The 3rd Album,7i2YLTVQ0dyngRuUqtGmr9,2022-02-14,INVU,7rXcCpIAoOUCydkVDMcoPV
298,소녀시대,Girls' Generation-TTS,7AKHnZVqwXYuUwWJ8UGL5q,'Twinkle' Mini Album,0kRgg9fqMgIrzzzYNJrYuT,2012-04-30,Twinkle,6LeH7ExfGkYevlBGHiqRyf
299,소녀시대,BIGBANG,4Kxlr1PRlDKEB0ekOCyHgX,BIGBANG JAPAN DOME TOUR 2017 -LAST DANCE- : THE FINAL,2eIjByPSAvov7cdnzpohZB,2018-08-17,nan,nan
300,소녀시대,Girls' Generation-Oh!GG,1foL9hLC9M6U94dINtOYfb,Lil' Touch - The 1st Single,6369mPjmE105oD1ECF7WiA,2018-09-05,Lil’ Touch,4D5Ode2OfZMxIwQyvmhUe8
301,소녀시대,S.E.S.,61HUG80Xma4rnXsqfZkzeM,Remember - S.E.S. 20th Anniversary Special Album,4FLvD9YKu7oHMQ5HGFaToH,2017-01-02,Candy Lane,2vFLSuet3pPdFm3KW6cw9d
302,소녀시대,YURI,2TMRvcwsmvVhvuEbKVEbZe,"이별유예, 일주일 OST Part 1",44PyqebEkAgiIKg1ATHPrk,2021-01-28,이별 유예,4vMdAz1hFXP49kUNfMaoNM
303,소녀시대,소녀시대,5qVOb5okoRuIakDC5HQm2E,nan,nan,nan,nan,nan
304,소방차,소방차,7Igl7Z013nScGX1nXvbvoo,05 Man‘s Life,1plmauevHSnfWrNK8ufoba,2005-04-15,어젯밤 이야기,0VxT9Md7bl1ExC1p7YnnDx
305,소방차,Sobangcha,6jcBlZhnx4a1V47kkhRIuk,I Want to Love/Just a Little Heart,22kFmjdbBPjo7LyDFrdruP,1989-08-01,I Want to Love,6vaCR6JoAuiC65CsuJddJk
306,손지창,손지창,3R6ZSiImdD3ynL36uaCwff,nan,nan,nan,nan,nan
307,손지창,Son Jichang,6lJDy38VS1XWktdlnP4nkr,Son Jichang V2,6auJkkUN9sIHlIZ1B1RqkA,1993-11-06,A Trial,78wSzoECRxUmJrzXLP3XOE
308,솔리드,Solid,5QxwwdnZNkIl7AyFEPZxX5,Into the Light,3zx7uivDY6DW2UrvPs9wua,2018-03-22,1996,1DheaCmQq7Sne6GmFn6Lyy
309,솔리드,솔리드,09GuKpcIF4N8PBFZfixJRc,nan,nan,nan,nan,nan
310,솔리드,Seo Taiji and Boys,52Gsa9Zypqztm2DeNkQfCm,Seotaiji and Boys IV,17FtUIvYCpYLApXSbqRIHm,1995-10-05,nan,nan
311,신승훈,Shin Seung Hun,4xgRWQOK2y3pGRFtmWNjyw,MY PERSONAS,583QZf9mllCVoqqcw2PAKY,2020-04-08,nan,nan
312,신승훈,Sung Si Kyung,7jFUYMpMUBDL4JQtMZ5ilc,Sung Si Kyung 8th Album [ㅅ(Siot)],5fsoVsbW2EvwhCqpEHDvdi,2021-05-21,And we go,0FvQZmZnr1cfIfWwQmdNSU
313,신승훈,신승훈,5LdQSB4J6OpUJbPHvoJD2O,nan,nan,nan,nan,nan
314,신승훈,Lee Juck,0pfVDTchnVMBTzGylIuJNa,Trace,2U7ymBwDYD9MisdhuSQbsk,2020-11-11,Water,5Z3RG0NV7wTivlz71szjce
315,신승훈,XXIN,4qHQ3j6CoMCvSAc7DeWrPS,DON'T TOUCH ME,7LPFPZ7LVV448cMhMxZOtA,2020-11-09,DON'T TOUCH ME,6k1hBhVrVaAEcGZQFgUQfc
316,신승훈,Kim Gun Mo,7ueOlHsDGBjqZfjpDj4oJO,자서전,6ZMYftyo2SwpAqKxiHKCX9,2011-09-27,More Sorrow Than Yesterday/ Sadder Than Yesterday,6MnfsdCnUcLTp2mFN2c9va
317,신승훈,Sin Seunghoon,6ib7hsdxymRjFmNUMkInSp,너를 보낸다 (Robin Project X 신승훈 작가 Part.1),0v7P6jcpTqv8oeQ1C8TZ3V,2021-10-30,너를 보낸다,4Yg1WXDOd4QR3b2oW2N7u3
318,신승훈,Lim Jae Beum,7cYFopPCh8aSpBHANLgLaV,"Seven,",50ypPSIjofQu7iEkA4ILTr,2022-10-05,위로,666Lf7IZkTQs6L368RNimD
319,신승훈,AILEE,3uGFTJ7JMllvhgGpumieHF,I'M LOVIN' AMY,1N3ZneaWp9SVREC9JSgsia,2022-03-07,nan,nan
320,신승훈,J.Y. Park,1TTx0YcbKUtJIZY1HEnh9B,Back To Stage,41h8n1l24t2dq0N2e5lsll,2007-11-16,nan,nan
321,신지,Shin Ji Hoon,0RpcAXbMHCcEEurjyHvuyg,stars and memories and poetry,6ow1N25ns0kjoNm9S32BuJ,2022-05-01,twenty-one fifteen,2u1UBXv3k8tOo5Pn4NuhfJ
322,신지,신지원,6MAquLyn1cerW7s4Py12hK,nan,nan,nan,nan,nan
323,신지,SHIN JI,2IH8MlC1KVWJ2HejBmPmZi,Longtime Love,3MZX6IV0C7Q8Otcks6idQp,2023-11-20,Longtime Love,1x9PzOqOlM7k8rgZyYBTxh
324,신지,신지,0dzMlkHGw4gBU3x5ulh52c,Fantastic Duo Part.18,4j687jbDQaEHZhUHWZqRRp,2016-10-09,비몽,0DWhMVh55w8vJ4hxVkLOBz
325,신지,SHIN JIMIN,0bxSJJ7V2M4Zb9lpRzWPD8,Twinkle Little Star,13iOYV3PgPYXqWEisg08fI,2023-12-11,nan,nan
326,신지,신지,4IyrwYC07IS3tOroXVK1zs,1st Album,5Q1t0fN8OmP6xnJ6J3gmKT,2008-07-17,해뜰날 (feat. 마이티 마우스),26YCu8HQRpzsgwXullVyiv
327,신지,KOYOTE,3Xp2BCax4mS6EgstD0OyZR,The Air,2tQ6lw1DmUIIOTz3yHeom5,2019-12-20,nan,nan
328,신지,Shin Ji Su,1drvZISfr1aVVPStZYhshk,New day,2RqCmTkI8L7iGeYvGrsepn,2014-11-25,New day,2HitIikTPxtUhHlXTIrFme
329,신지,Shin Jiho,2wCm1LEvFjAxIJ3biofrzP,"I'M PURPLE, SHIN JIHO",3G1TQwZskIIvRc94yvpkms,2020-12-30,A Tempo (The Prologue),4eybhGLlldecdEdHkym9WO
330,신지,Shin Ji Hyun,68Dr23nWlJ4CxITZacuJQt,I thought you'd be different,2fz5KBW5s2z6lk5sz1ie9j,2023-10-03,I thought you'd be different,6FCEXCA7E403m5WZwJLkL6
331,신해철,Shin Hae Chul,0X7uU5t8s4p9vXE4PjPvfn,Shin Haechul 30th Anniversary 'Ghost Touch',72TsaC0WLH6N58axonHSPL,2019-05-06,nan,nan
332,신해철,N.EX.T,1BvcPcQ3raChuHJcAJrvGy,넥스트 5.5집,5JlCKiLaaF0P0ny9QjlnXk,2006-02-28,아버지와나,4ga6fPHRcRg7Rkj4UpmrlN
333,신해철,김란영,1nJJqHbshokgvHSFwpo72l,트로트 연가,5z07h9am7PJbS6BOaUZKnx,2017-03-30,nan,nan
334,신해철,신해철,4W59V3WzzvKMEbbYNFHKCd,nan,nan,nan,nan,nan
335,신해철,Shin Hae Chul,6dUV7i6JAEnZMzjX3wmmSr,Cry OST (Soundtrack),6ZhvhpLcef9Whk26uUBAiC,2016-07-19,Cry,3xXpanqpiH68maFA8llj1J
336,씨야,SeeYa,3Mbxr8TL0Sny7dUNicKWm2,기생령 OST,6REYAAE1nKj3n9cpqRw55O,2011-08-01,Heaven,0WPFabAI2h9q3XAIpc4f7W
337,씨야,Gavy NJ,6Iyc2IvCGBNStXUmPa8hmu,SHE'S SO PRETTY,2c9WhlTKVDWzTIVaHKUebH,2012-11-23,nan,nan
338,씨야,유진 Of 더 씨야,3CyMjXVGlYJNMmtswdmLsp,nan,nan,nan,nan,nan
339,씨야,씨야,5S3FgjJfEUmrrw51tXFKtH,바보 (All Star 2집 Vol.4),0sWWcoJB2qqWby3doaKJfW,2008-03-20,바보,3YAlXRHFWefQZFBWHq2mOv
340,씨야,Kim Yeonji,220c8fiYAk89nqAgw4x4z4,"Little Star (from ""A Good Day to be a Dog"" Original Television Sountrack, Pt. 5)",4ilCXIkWkxTLzfCxjxSDp9,2023-12-06,Little Star,6YPYxVy3rjPaqsf9YgXfXS
341,씨야,BUZZ,4SdXXEHKFa5NSoh10QxeN2,Memorize,3wfocJUVDxYieCYc0w1Scj,2014-11-26,nan,nan
342,씨야,SG Wannabe,2c3IakpImjWyeXNvyyGsdn,Do You Remember,6Uv0YkRoThmA58sM6rpFIN,2021-05-07,nan,nan
343,씨야,LeeBoram (seeya),1ZMb9j2ssGDvUY2ZcwWijW,White Christmas,2zxcBkQRkiHohhsc3yLJCR,2022-12-18,White Christmas,7fBkbMzxZ4XQvCrLRVuR6O
344,씨야,SISTAR,2wTLheTmMcFCA4hdY8hZJP,Give It To Me (2),1nErNFyYvHnuCYvfwrMyoz,2013-06-11,Miss Sistar,421DJD7d8enZ4XIeE13pia
345,씨야,The Seeya,1dGxm9enIVo5P1W7gKyic0,LOVE U,3YpQFkiOaeVtWxCfZ3t0sB,2012-12-06,독약 (feat. 이해리),5Rt7rOmCTFchAtKEmvIE3k
346,아웃사이더,Outsider,1i4Y4WlFFetQV14Z8UDdvr,Pyhän tikarin veljeskunta,3JdVx31s8rra4ku5DaHO9q,2021-04-07,nan,nan
347,아웃사이더,아웃사이더,1JBiF50Cw8XUN1xyUAknN4,nan,nan,nan,nan,nan
348,아웃사이더,Outsider,6gCqccWKW7jBbZ7BSPzJIR,Double Eagle,6bhLak1a4lb8zL1GdkhAqC,2011-08-08,I'm Ready,7dD4TsPLBrQfjy9bYilhEa
349,아웃사이더,OutSideR,0uKaYhSeoyBmufQPZNo6a9,Just Good,16iQGq0AEwiUDa3i1IOQmZ,2021-04-03,Just Good,7DW6IXzbxoeJSNjZ7lb96H
350,아웃사이더,Outsider,1OxasQc2x1ifFtWyNf58K2,연인과의 거리3,5kgwPwcdfEJLAESygBPubA,2021-04-16,연인과의 거리3,6oDd6WiNTzGSRqcWte4wHD
351,안재욱,안재욱,4nCueftPBFcrvisAIg39T7,안재욱 4집(Reds In Anjaewook 4),3Iqi6BeejvMv1z95bRIWjE,2003-03-17,Dear,507AYx0CwQSwrt3qJ0hZee
352,안재욱,An Jaewook,72EqSSb2Uy5ntxNNcjYOGb,Forever,7lT9R00NQVx6CtKBAz0mzn,1997-04-24,Prologue,5RNFmWvXqCKIv914NtufWZ
353,안재욱,Ahn Jae Wook,291DmityyNlW5Brufhh66P,One Fine Day - 새삼스럽게,40rhMK8uudSH75XUj1Hpa7,2015-02-24,nan,nan
354,안재욱,Ahn Jea Wook,0w8On0odBKjUJtMhMTLbsZ,Reds In Anjaewook 4,550a2KuSJ1d24Zlv0C33w0,2003-03-17,Dear,3B61WjWzcGGXw3FEenR489
355,안재욱,Ahn Jea Wook,3x0zkVVq68M5WZAsgHiiNc,2nd mini album 사랑에 살다,1etDR61jWOeStdfEpipZa7,2009-08-05,사랑이 사랑을,4sgM3lCP2er0e57c3D0QbH
356,야다,야다,3YB77fanbqqyPS7NstYpOE,Aquamarine,7yfhXCOnFENmuvpxsKNpxu,2003-03-27,꿈이 아닐까,4i737xwCDJHBUQdhCtyZqV
357,야다,플라워,5sp44iOiTOC0lXmN8zMRaT,Bandlife,7lHhvMAK71MO4p94IZ5x3b,2001-08-30,드라이브,2iI5GpYJfL7jsRXPCUJIRz
358,야다,YADA,3hqrD2WfonDCMuXyfl0uTB,CRY BABY,6HyCDWuxW11CblNoqpiei8,2023-07-21,nan,nan
359,야다,Lim Changjung,4dB2XmMpzPxsMRnt62TbF5,Nothing special with the day,1Mf9oVTW5JMXBFrwWSRgFv,2021-11-01,Nothing special with the day,3OzKNwCd31dA57sWyF5uPQ
360,양파,Yangpa,05Tt2bRgkP3yY2TnpRMvpS,The Windows Of My Soul,606BZa2tirkJXRAEfOvmZu,2007-05-17,Marry Me,1tjlcmjgRKmJ1LUL55VTcp
361,양파,Park Hwayobi,5oihNt5Zntgh1XIsDqOGq5,8,08VgQuddbhZRBNwPkH5US0,2016-09-29,nan,nan
362,양파,yangpa,5Qr33OZrOzmTJwxpUVZI7m,Elegy Nouveau – 스페셜,095osdO8jZN8WzVAksad48,2011-03-28,너라면 좋겠어,2vy9OHz3vvPgTPR7BZtCR1
363,양파,Roo'RA,7bb3cdFh1kkHdopjeJRgca,Roo`ra Best Album,0Oo0yUuomioW1BfFs6tNMm,1997-04-01,반추(反芻),55RRW57MXWjvm4PvPSIWO3
364,양파,Yang Pa,0l4g4N9dWqFCgXaM0uDNRs,"Private Lives (Original Television Soundtrack, Pt. 2)",2B3ZxQ1g6Ytzg4HMegVLL7,2020-10-14,The Most Ordinary Day,4LNgwxppQZTzjQI60YLEwe
365,양파,KANGTA,5Bm6d9Fbsmln3CpXv8VrMG,Eyes On You - The 4th Album,4CFsmLIXA8NRSmcV4eyDcc,2022-09-07,Eyes On You,3yOyty5tQ3FDVZrIQJ1nbg
366,양파,Lee Eun Jin,0AUUjKxB1rZjgXSnIqigJJ,How,48v8FZIbxohntPoGU7kzSH,2021-01-27,How,4ySTqbZnZ1jfCRAeEFNNUB
367,양파,Baek Ji Young,3l0MJ9LCiBlMyOMaz485Q5,PITTA,1xPYTQxp6yojQqou0ShAJF,2011-05-19,nan,nan
368,양파,양파,0O7G46iYK16XrA5gsrBBMo,nan,nan,nan,nan,nan
369,양파,onion,4JDuEMip71EvVZbWqlKuFj,Perfume,5WUzvPwGX03JwMsmm3YXmZ,2001-03-30,Confession,76I27O3dtCAIGJz5WiBgJT
370,업타운,Uptown,2k9HHCIZFoVeZcImqhy0cL,Back II Analog,6FMPDAhMYT3zcRSLPxb4l6,2023-12-01,"Back ll Analog (Feat. Babylon, Lauren Evans)",4zeS6l3UbU27hp72Tg2q4o
371,업타운,Yoon Mirae,1Do4bSzfUl0KWL9r1fITu0,Gemini 2,7L6gqLdAo3t6DOJKiVInks,2018-07-05,nan,nan
372,업타운,업타운S,219ZunAmXIZOXSjOsf8xlC,nan,nan,nan,nan,nan
373,업타운,D.O,4X7RCrqaJpKMoeyeH5NPvj,Dry Season,5G6H8VfOznaBQORTLRGbOA,2023-08-14,Dry Season - Intro,7jAbpOafcD6omkXFQnnrWX
374,업타운,Uptown Voice,1GfxOPme6exbaG7kR0gcHE,I couldn`t speak,33hfrsh58Us1t5MMj8fKBU,2015-02-13,I couldn`t speak,30xpzVEPXhXq5Fj54QGG8F
375,영턱스클럽,YTC,6IbJD9PQK5n7etiYsu0fi7,Slap Shot,4YcxqPk0W3rvKXoC4b1Sl7,2008-06-12,nan,nan
376,영턱스클럽,Young Turks Club,0lXKrE7ysilQafwdYKwErN,Arise,49IKA3M3RE9msQxYoBQ8in,2011-04-15,Arise (Feat. Dustnn),0kTL56HMKh9js6kYlkLLbZ
377,올라이즈 밴드,Azure,7bZJrYTLIbVOyODMaD7rVz,galaxy,20xgWnVweQIJeO315KCeIj,2023-12-08,nan,nan
378,올라이즈 밴드,음찾사밴드,6uSlu2GkRzRZ6Lk3P8uLT3,그때 그 시절 추억 속으로… 8090 감성 발라드,79V3xEIoPjNE6NPvr19SJY,2023-10-13,인연 (영화 `왕의 남자`),1HlUqo43ZWHSV6PjBt7Izz
379,올라이즈 밴드,엘키즈 동요,7Gz1qSQRa5IEohyzhplWVT,우주최강 인기동요 베스트 100,56fh4ww7FNoev8qpCUS9y9,2019-04-19,nan,nan
380,올라이즈 밴드,Natsu,6dGOlA4GtIDnOgbmT2Q8Xq,Hometown,4zOoe50ym8IfhfjD6JWGr2,2021-06-11,nan,nan
381,올라이즈 밴드,BUZZ,4SdXXEHKFa5NSoh10QxeN2,Memorize,3wfocJUVDxYieCYc0w1Scj,2014-11-26,nan,nan
382,올라이즈 밴드,COOL,0w3PsroIezW7uRTNxEJLb9,COOL 11th,1MlY2GKEwQj0mCuK2PzSC7,2009-07-20,nan,nan
383,올라이즈 밴드,G.O.D.,3K5dZFupfkg0uhatEcQV2N,Limited,1oOXVmOTjJhgSkjkujzwL1,2021-12-15,Inside Your Mind,0DySsqmvqBcqJO7DkmFnwV
384,올라이즈 밴드,god,7h3uRR9CdZGjnAY9stn0es,Chapter 5 Letter,50TP0Mj8SX6qy13FbKfOCy,2002-12-27,이렇게 또,5YRc5idjz9YY3MQSKqjdk3
385,올라이즈 밴드,UP,1gjzJCtXM9MERO7IyUNLUN,Up Best + 1,4GLYKfL9bYnBy4IDmrjv92,1999-01-01,예감,1OUQRbjjdYeMW89GLmlIsA
386,올라이즈 밴드,플라워,5sp44iOiTOC0lXmN8zMRaT,Bandlife,7lHhvMAK71MO4p94IZ5x3b,2001-08-30,드라이브,2iI5GpYJfL7jsRXPCUJIRz
387,유영석,유영석,1tRbozvc5xJpOCdiKRfJYb,Falling in Love,1O6xxHzMWFVuTHKmOaj7QS,2001-06-01,Falling in love,3JkOjqhkTZkPjkdZ9YRQPU
388,유영석,You Young Suk,6Ya6UEdyBJXKxxtwaQGcby,First Emotion,0Syo67RqoVcdCSL1KOH6HX,2003,2 Years and 6 Months,5tQG2DIiflRI9f4OKvF9sm
389,유영석,Yoo Young Suk,2aeiPlXzUchzkv0LYrtI9E,First Emotion,46baBJAwpzcJOUTAh81LLl,2006-02-20,First Emotion,0qFM5D9MxqIS9zLczFfVTV
390,유피,UP,1gjzJCtXM9MERO7IyUNLUN,Up Best + 1,4GLYKfL9bYnBy4IDmrjv92,1999-01-01,예감,1OUQRbjjdYeMW89GLmlIsA
391,유피,YOUPIRI BAND,29oxPoMLjWHeZQtKg0kVJf,Look at Me,0Dk1M8PIahaViwh4Hx8h8r,2023-05-01,Doragee,4x99WBrbaKLRvM0U63rFza
392,육각수,육각수,5tget5S2469SOgZOA9Cqrn,육각수 3집(버텨!),4Y6ZzcM4D2RJrMcglVxa0l,2007-09-11,버텨,4Xg5D7cCvh62JyyeJcZoLV
393,육각수,Hexagonal Water,1mqQdnirBtCgfth6AP6KLK,흔들흔들,79eaceDQw1SDFQKKvlQ19q,2014-03-11,흔들흔들,196SeILnrmgsblAlyvvyI8
394,육각수,hexagonal band,7sNijp3AetNDAVhwePukEG,Couldn't Cry When She was Leaving,1JFygErj24DiGeS05VbMic,2003-09-01,Mister 1st Ver.,2ZVIm5GJiaHhPJnS0giYRW
395,육각수,Yukgaksu,4RTip4ZAGak5esbQJWidza,Be.Bop.Ba.Roola,2RG6N21ruUbVPOw4WS9sZ1,1997-07-21,Mr. 건망증,4Ace5QCETbuS0Q1DZTkifw
396,윤하,Younha,6GwM5CHqhWXzG3l5kzRSAS,YOUNHA Studio Live Album 'MINDSET',3pY7uXFrbq96BhWXcomLIi,2023-05-10,nan,nan
397,윤하,Yoon Han,7x2TQ2hsCj1I1eAWpgPlZF,European Fantasy,6aOld2FbAt4lGZ0UDmP3LX,2019-06-21,nan,nan
398,윤하,윤하,1l0kiEfFwzYLEBC861H0DR,Cinderella and four knights OST Part 5,5EDvkL1B3SSN9RaajemVgo,2016-09-02,I Believe,4Gv3fNhvs2YR0BB88uaV1s
399,윤하,DAVICHI,4z6yrDz5GfKXkeQZjOaZdq,&10,1LO8EUUBv1ZdacxIx1KoWF,2018-01-26,nan,nan
400,윤하,Younha,1EAWTuyrXQiybfqleROOmp,Queen Of Mystery 2 OST Part.5 (Soundtrack),5qCKaonsRnFPjv2FtHrDoM,2018-03-29,May melt,6HvMGYwPrqeUDfK7Y5J70b
401,윤하,Sung Si Kyung,7jFUYMpMUBDL4JQtMZ5ilc,Sung Si Kyung 8th Album [ㅅ(Siot)],5fsoVsbW2EvwhCqpEHDvdi,2021-05-21,And we go,0FvQZmZnr1cfIfWwQmdNSU
402,윤하,윤하린,2BGwvpDKYBtsFpUcL5eU4W,nan,nan,nan,nan,nan
403,윤하,Baek Ji Young,3l0MJ9LCiBlMyOMaz485Q5,PITTA,1xPYTQxp6yojQqou0ShAJF,2011-05-19,nan,nan
404,윤하,윤하랑,6QcnPD3XPFXJbQFphllQlu,안아줄게,4fGEBjduLVc1y0KS0vjdRf,2021-07-19,안아줄게,4CyaQ8fouiyVcFSYmiiYn5
405,윤하,IU,3HqSLMAZ3g3d5poNaI7GOU,IU 5th Album 'LILAC',01dPJcwyht77brL4JQiR8R,2021-03-25,LILAC,5xrtzzzikpG3BLbo4q1Yul
406,은휼,은휼,0uvN8HcsHeVVRdAuuSujJa,300-9,44L4fOjQqwf3zVes1r4QD7,2022-06-15,+1,4FlNbWtKD3DMmo0bq3EVzT
407,은휼,은휼 Eun Hyul,4vhjcEw4DVFCNy5OQmF6X1,nan,nan,nan,nan,nan
408,이루마,Yiruma,0fauHpmSHwodVYIjTqOGHz,SOLO,6B9JssCvQa6Z5RtcMQaK7n,2021-09-24,Sometimes Someone,3eTkGlxdDL66WJewOd7GP0
409,이루마,이루마 & 2FACE,2hqFyuUOjLCT7MPWkA15br,nan,nan,nan,nan,nan
410,이루마,Yiruma & Shin Yong Jae & MIIII & BIGTONE,6y8iMA9wxOe6tLUNTrqGfw,Global Project `Kiss The Rain`,43xbINqQaCuty0FBmHB3Jd,2012-01-28,Kiss The Rain,50EgvkWsWOKN7G70DXqn7f
411,이루마,이루마,79C63TMO9plsbPTTuEPhT6,nan,nan,nan,nan,nan
412,이루마,"김영민,이루마",3bE9FE6X115arDs7n9bwGi,nan,nan,nan,nan,nan
413,이문세,Lee Moon Sae,2eVlgLy3Aym09gM3dqx6cq,BETWEEN US,29Us1FFwxBny0K6B6izTxz,2018-10-22,nan,nan
414,이문세,Kim Kwang Seok,0Sr5L3iWPn0k6KnDr8RYS8,An Unsaid Story,3nnfqWu9dRylWcgYsF85Hm,2020-12-28,nan,nan
415,이문세,Lee Seung Chul,5Ecf8RR2UWFAvyeItabffF,Retro Night (Live),50JfuEiHdzI7gliX7Ohru8,2023-11-16,nan,nan
416,이문세,Yoo Jae-Ha,2Qrs21XiQMxkddRognIjGC,사랑하기 때문에 2014 Remastered Version,44a6hcyH9X7latO4hX5wC5,2014-01-27,우리들의 사랑,485iiSgNqcWyDRh4OnbaTE
417,이문세,Kim Gun Mo,7ueOlHsDGBjqZfjpDj4oJO,자서전,6ZMYftyo2SwpAqKxiHKCX9,2011-09-27,More Sorrow Than Yesterday/ Sadder Than Yesterday,6MnfsdCnUcLTp2mFN2c9va
418,이문세,Kim Dong Ryul,3zYyfrb4r6ZHI5Di0rB9bV,Monologue remastered,7Flva1p9NgiSfUbO3uHuJ8,2021-09-28,nan,nan
419,이상우,이상우,2p9c1SKG95v6V4eA3iu4IJ,부르면 눈물 먼저나는 이름,5Hf2z6NezPZWLErfV9Fdy0,1997-01-01,부르면 눈물 먼저 나는 이름,3J9Zfwf09tXQ5e2mn5zTtr
420,이상우,Lee Sang Woo,4lyIx7MHTtCk8c9EugtMKW,LEE SANG WOO Best,5uEwpUVdipJWtCxCx07i1z,1994-12-01,nan,nan
421,이소라,Lee So Ra,58BWh3yJrluDugLv0QF0eC,8,6CuUfBK2KSvL6X5I0Y0gps,2014-11-04,nan,nan
422,이소라,Kim Dong Ryul,3zYyfrb4r6ZHI5Di0rB9bV,Monologue remastered,7Flva1p9NgiSfUbO3uHuJ8,2021-09-28,nan,nan
423,이소라,So Ra Lee,4BhVX38JpACZ8feNQD8QIh,nan,nan,nan,nan,nan
424,이소라,Sunwoojunga,04L3elxyr0XFua2Ek3domW,Nothing Serious,5aSX6Isg7e4xCJ7lilMuXn,2021-12-09,nan,nan
425,이소라,Sora,2XMvtGzdacEnNy1e6z1snV,Mary's Song,0RoZh1airjh9ecnnx7mT7w,2022-03-29,Mary's Song,4v4hOLzBOD29QhcgmuyJsx
426,이소라,Kwon Jin Ah,0kRAVpQhUUArA8UnYwEdeZ,Shape of me,1GU9TwATIkJ6GpVqrtX2ju,2019-09-19,I got lucky,2xqZgDhbEzNIQGEz8HdrkJ
427,이소라,Sung Si Kyung,7jFUYMpMUBDL4JQtMZ5ilc,Sung Si Kyung 8th Album [ㅅ(Siot)],5fsoVsbW2EvwhCqpEHDvdi,2021-05-21,And we go,0FvQZmZnr1cfIfWwQmdNSU
428,이소라,Dynamicduo,4nvFFLtv7ZqoTr83387uK4,OFF DUTY,5bC4Moqxle03k5N2RbhVun,2019-11-26,2040 (Feat. myunDo),2k2tgciolamrkrqxMwjaEs
429,이소라,mate(메이트),6OE44QonlTikAdEjVk8f1M,Be Mate,4bCtrmJuLQXxfmas2k2lMo,2011-07-04,Confession(고백),4CZEmRMfYXEg9gzHStHpOk
430,이승기,Lee Seung Gi,12AUp9oqeJDhNfO6IhQiNi,The Project,5ccCV9iNxUARYLfWDzALWn,2020-12-10,The Ordinary Man,2RDD5p0GRgZTp0MZaOudwZ
431,이승기,Lee Seung Chul,5Ecf8RR2UWFAvyeItabffF,Retro Night (Live),50JfuEiHdzI7gliX7Ohru8,2023-11-16,nan,nan
432,이승기,MC MONG,6gEWl778wJTkq4Uk5eBvgD,FLOWER 9,6xAkTzWYUNgkDn6V1MfE5c,2021-03-02,Myosotis (Feat. Shin Yong Jae),7skGfNMnqDlcBKnOlGvwJh
433,이승기,K.Will,1XNC9ksvgXeD1xRJruSA5t,The 4th Album Part.2 [想像; Mood Indigo],1CsaQY8ZDZjTTTFeaFHOtA,2018-11-06,nan,nan
434,이승기,2AM,5SnaL8SsjGMHQNyqpa8Zos,Let's Talk,3tfSLIYXGIhRS7ntqP9RcZ,2014-10-30,nan,nan
435,이오공감,이오공감,5EWJwQ7a65qxUY7oXUwjBo,2.5.共.感 (이오공감),4VfS86n0Tjr1Y5tuHKMV6j,1992-06-01,이오 Live,4bGdPjfMLHSQXTxZJQnVYs
436,이현도,D.O,4X7RCrqaJpKMoeyeH5NPvj,Dry Season,5G6H8VfOznaBQORTLRGbOA,2023-08-14,Dry Season - Intro,7jAbpOafcD6omkXFQnnrWX
437,이현도,이현도,3Uoyy1VxqUjewWBl6gaF41,nan,nan,nan,nan,nan
438,이현도,Hyundo Lee,1ERnPLu6IM3j5EKPwgy27O,Living Legend 2023,1Mk8x7bksVatl3AhUsPROR,2023-02-06,Living Legend 2023 (Feat. Verbal Jint),4inlhFpfjZ2GNaFRa4taG6
439,임창정,Lim Changjung,4dB2XmMpzPxsMRnt62TbF5,Nothing special with the day,1Mf9oVTW5JMXBFrwWSRgFv,2021-11-01,Nothing special with the day,3OzKNwCd31dA57sWyF5uPQ
440,임창정,Sung Si Kyung,7jFUYMpMUBDL4JQtMZ5ilc,Sung Si Kyung 8th Album [ㅅ(Siot)],5fsoVsbW2EvwhCqpEHDvdi,2021-05-21,And we go,0FvQZmZnr1cfIfWwQmdNSU
441,임창정,Lim Chang Jung,1V0lz0Mlzei7V0tyuiQlHT,Because I'm not with you,573pOpDoom8q7fGp6Yhrr7,1996-05-10,Change of heart,1VO45syd5fo3fJKVaVz806
442,임창정,Yoon Jong Shin,0hW1muryuCdZLfjoLrUhnw,가을 냄새,2swiWjcR6NOUHQO8gWobdu,2023-04-16,nan,nan
443,임창정,임창정,2E2JwPQVzmFqfMMqVBNADH,nan,nan,nan,nan,nan
444,임창정,Kim Bum Soo,20K5puLWHL28ckI4LjieDt,Again (Remake),2sw42O0kF4rd8iqLHFdJKk,2020-12-22,nan,nan
445,조PD,조PD,0XJH7kCmbiKeYfAFSHpYuN,nan,nan,nan,nan,nan
446,조PD,ZoPD,1JIlqu7XZniSF86iMlgKHR,Stardom In Future Flow,099IAQyHxzJvo1ioGSuRmd,2001-12-12,Stardom's Ceo (Intro),5fHDWuoC20ZqBa9QNKET2P
447,조PD,Cho PD,2syai5zCIXOwHsd858JtKk,Part.2 - Art of Business,7m3BVDeBfsmoFO225PD3qY,2011-10-12,Do Study (2004),0gsUn4w2zLFJbztHV5YfZh
448,조PD,ChoPD,5hmChzqL4xyhdryUx3fchQ,New Heroes with Two Colors,6Z1ObkPNiaOLdjxRk98TE5,2004-08-02,Expressway Romance(Electric Ver.)(Feat.Cho PD),19w8PsfS9JIhzHrF9VKt83
449,조PD,조PD&브라운아이드걸스,4DEykCOV6rYbJ9fkzWDMxV,nan,nan,nan,nan,nan
450,주니퍼,주니퍼,0lv0EgFnqXHhIaXbOraKMa,그때까지만,2JrYcv8gLesH6txQ781F9g,2014-11-11,그때까지만,0CRILCxWCuRfbOiFgpRVZt
451,주니퍼,Junyfore,51W8NJbaiFYuFIuo5FqOUg,Junyfore Vol. 1,4CrJGXadzkdSYBChVp3I7X,2001-01-18,Fly high,4M3nQaa5OlDMik85ApJ47H
452,주니퍼,주니퍼(Juniper),7ncPztyBme3NdXkti8hX1c,주니퍼(Juniper) 2집(Break Up),72LweMcysyVk4F3fIuiZ4f,2004-11-02,Piano Intro,5RGVm96SJxwapymrHKpF5B
453,주니퍼,Juniper,6gXxUckROtxJeMb1Djj0aw,Light Rain,5T5lWG4DNCVMeQgIZWq3hE,2014-06-01,nan,nan
454,주니퍼,괌지르는 주니퍼,682ZDMw36ox5NWWYa2F20N,nan,nan,nan,nan,nan
455,주니퍼,주니퍼(Junyfore),15DQ9zXGloXQ5aYRUuRdvR,Junyfore (It’s over),5HpVDWYYAt0Dnxltq5GXvs,2017-05-11,It’s over,0w2MBFoD8n8Zx0bEMgdj5T
456,주니퍼,JUNYFORE,7xm29fQgzEcXmSbkqeY7Wj,계절,3iqhY4GZ4L0M0ckAY7QBFu,2022-11-17,계절,6kmOhCmhFeNK6x1vksayiX
457,채연,채연,5YdRA9BjzC3Xd36SBsK06D,난 가끔 눈물을 흘린다,5UVgLaxk5zYfLsBRC1tutG,2021-10-18,nan,nan
458,채연,LEE CHAE YEON,2nkZR6LwPxaAVtaVitNIPT,The Move : Street,1O3e1rfT7WvtJYc19A6oLK,2023-09-06,Intro : Shangri-La,4zYOAOPLTqLQEHf4B1yr1o
459,채연,채연 Chaeyeon,0ngkGl5EXbrgfG8Xebu8ZU,nan,nan,nan,nan,nan
460,채연,Lee Hyori,4FjoOJAndC0s9ZJUo6VGc5,BLACK,13WypOYwpnsGxffpzukMyB,2017-07-04,Seoul (feat. KILLAGRAMZ),0WedG8G9aeVsen3qP6YL21
461,채연,Chae Yeon,4GKICdZK1BkL2ksxBEiMRR,My Love,3UDWqsKyZnHHkYA1Pu5g3e,2007-04-01,nan,nan
462,채연,TAEYEON,3qNVuliS40BLgXGxhdBdqu,INVU - The 3rd Album,7i2YLTVQ0dyngRuUqtGmr9,2022-02-14,INVU,7rXcCpIAoOUCydkVDMcoPV
463,채연,Chae Yeon,0asUEPExLOkMidYAAKqLs0,nan,nan,nan,nan,nan
464,채연,채연제,2li65echzfAYAAq2RiPhks,nan,nan,nan,nan,nan
465,채연,채연아,6k8g8pdZg1TFwwx7U2125V,사랑은 철새더라,67hH8HfeT0VolwnsusSPXT,2016-10-20,nan,nan
466,채연,Chea Yeon A,0cdTDkmKsRjQw85gTKz2kt,Don't Worry,2Vi6IE9kV5ysK7OhrVrENu,2021-06-04,Don't Worry,6GtVz2UdUmKw3qISZFAItF
467,컨츄리꼬꼬,Country Kkokko,5kuilVpBoJl3vmv5hitjMx,High Society,5JAZy11iENxDNv3IGLwdj4,2001-08-13,Love Or Trust,7JzaOkbS6FDu0KT41fvZEn
468,컨츄리꼬꼬,Country Kko Kko,4aYrMwAZUoJSOSJULAiAvE,Happy Christmas,1TaXzXmQ8VoD4RqqGpDZM2,2007-11-30,Happy Christmas (2007 ver.),3m2P2BCKXPdegF2eaYWHQs
469,코나,Kona,0p17Fx718FfFLOIfUI9YMv,Flower Dance,5xCrSCYp62SKi6PG2twbJQ,2000-08-01,아름다운 날들이여 사랑스런 눈동자여,2TKKzESrTSTtCttYlu8Cpl
470,코나,Kona,1FCYO8mlNiqvZUVhZXWvRZ,Tui Chhara,6tFcNuK5Rfhmm5CQDENapg,2014,nan,nan
471,코나,KONA,6E1vNiOCUfC7BmxAvwIYIr,Slur,3DvJ5C7fUjgyM6EBLtfjI5,2023-01-31,Dolphin,6KAENoQJmJ8e9ejEPgZf34
472,코요태,KOYOTE,3Xp2BCax4mS6EgstD0OyZR,The Air,2tQ6lw1DmUIIOTz3yHeom5,2019-12-20,nan,nan
473,코요태,코요태,09K8LntCAQg6fCaY0TqhGp,Pure Love,185LBdaMNRioSE3YXXvoc9,1998-12-02,Prologue,1jWYbIlp7v9juViSGQh7i1
474,코요태,KYT,0QNzgimIjJDcLFLFhnG6M9,20th ANNIVERSARY 'REborn',6vuEo0Fung4sT8uJfBWleQ,2019-02-08,THRILLER,7gvrYzajmZ781Tl0lk0eNs
475,코요태,Young K,34HmvZztvxqAo2mBSAieRe,Letters with notes,1ycrrYiqueL6KJBbc1PtE2,2023-09-04,nan,nan
476,코요태,COOL,0w3PsroIezW7uRTNxEJLb9,COOL 11th,1MlY2GKEwQj0mCuK2PzSC7,2009-07-20,nan,nan
477,코요태,이정현,1A3vuBmPryol3FWagK8Tt7,1st album Love Me,4M5pIpIpVHyS4dQx6r01SV,2008-03-06,nan,nan
478,태사자,태사자 Taesaja,18rjQLv66TaLhZSVYQu9Jh,"太四子 Taesaja, Vol. 2",5weJUCu0ROjhPwfdhPAwMA,1998-08-01,소나기 사랑 Showering Love,1I35bYZFEA0hZ0EpBsZrBl
479,태사자,Kim Young Min,57cIbqLpC0yUKlC8uNLOtM,Taepung's Bride OST Part.31 (Soundtrack),1nqDKSthBi2nFZhcgtg1L7,2023-02-15,The moonlight at a dark night,489IlWNQH7lKDK6AEPh09B
480,터보,TURBO,3aboSJaljyYlTRXt7pEH0G,AGAIN,1SZ5jbvSbrYO8PJyx3mP3e,2015-12-21,Intro,7lRmBAmYMgMs69DpfkyHuS
481,터보,god,7h3uRR9CdZGjnAY9stn0es,Chapter 5 Letter,50TP0Mj8SX6qy13FbKfOCy,2002-12-27,이렇게 또,5YRc5idjz9YY3MQSKqjdk3
482,터보,터보,4nOWlvs9FB4guW4XjO4zgu,nan,nan,nan,nan,nan
483,터보,컨츄리 꼬꼬,2eVwitK0GULcQ29XfbDnl9,Oh! Happy,1smF7B3WbPdBjZ1gqFuNNL,1998-01-01,Oh! Happy,63tnaNyxTJW1U4twpq4Xbh
484,터보,DJ DOC,3kDgt4vVKGTLmtC3FkOwWF,"Love & Sex, Happiness 6집",56bpAOGNny76QSL9sgg391,2004-11-09,nan,nan
485,터보,Kim Jong Kook,60YNqzrSj7rJkuqHkpHPqG,Here I Am,2s12iviLT6fAPDDVJyr0Th,2018-10-22,nan,nan
486,토이,TOY,7sS12h1hMwOqXiB5vYdlu8,Da Capo,2aFUFpaIjQQV7dWYsWsvEx,2014-11-18,No One Knows (Inst.),3AnfnAPkA9c5YJcFte2ZZP
487,토이,toigo,5tTstLTFQFGb2dBb6h9zeG,JIGGY BOY,1Ivhj2SHKyltS1zZ4SxXSm,2022-04-21,GEEKED OUT,3m0Ypnl15sq4qcoNr8dKWk
488,토이,TOIL,698zn8fEOIr1OrfqG4283S,TOAST,7zj1ryzYXQdewJ1bWQaHbJ,2023-01-27,Friends With Benefits,5hE7MtdVErN3V6goYgt66H
489,토이,You Hee Yeol,74lyHu0f9jhFumU0aEu5mi,A Walk Around The Corner,2cusu6EcgDtnXuRAZvJLLr,2002-11-01,nan,nan
490,토이,Toy,2HyoXCqcYBSzVibRweDeX8,Thank You,77PGmdoeRH2FhCB9VJtkHN,2007-11-29,You (Intro),592d5qN4giNK5YKEeRbYCD
491,토이,Sung Si Kyung,7jFUYMpMUBDL4JQtMZ5ilc,Sung Si Kyung 8th Album [ㅅ(Siot)],5fsoVsbW2EvwhCqpEHDvdi,2021-05-21,And we go,0FvQZmZnr1cfIfWwQmdNSU
492,토이,토이고 (toigo),2qnOuSkAcrkQG3kyaW4VAY,nan,nan,nan,nan,nan
493,토이,Kim Yeon Woo,4vsTrZ8Y7nKqQM0BJQ6Dvd,Forever yours,0SmS3QKxpiblknw3DYP3a5,2018-05-10,nan,nan
494,토이,토이고(toigo),0WmMj9I3GCXkONrUYcpIbh,nan,nan,nan,nan,nan
495,토이,Lim Changjung,4dB2XmMpzPxsMRnt62TbF5,Nothing special with the day,1Mf9oVTW5JMXBFrwWSRgFv,2021-11-01,Nothing special with the day,3OzKNwCd31dA57sWyF5uPQ
496,투야,TO-YA,65ICnb1n7btePNL6KxufXf,LOOK,7sBnkfaobEOW5666DXhSNQ,2016-04-06,가,2qcx4dPeAFuUb1nXlbfS5G
497,트와이스,TWICE,7n2Ycct7Beij7Dj7meI4X0,Celebrate,2ij1gxDXIbE3k8LkzgcFX1,2022-07-27,nan,nan
498,트와이스,Brave Girls,7t5H3uQv0Zw6cQUnSTF5BB,Brave Girls Best Album,7LpQ2aneQ5Ku1geVLzVawi,2023-08-20,nan,nan
499,트와이스,Twice,0OYqxFvbvVMa4oARDdoM7r,Knock On Rock Ballade,0bWpVDjuXwOsbMXIq62KDY,1997-01-01,불꽃놀이,4kxCIW30x1t6VhppyJcwXp
500,틴틴 파이브,teen teen five,1eRjQfxyrZdxHhK62Np6nb,We Begin Again,6rCXUhS5zE37wFuCjt2lKu,2000-08-21,Intro(Player Entrance),44i0RTaNqiW5xTiAiQfvwu
501,틴틴 파이브,V,3JsHnjpbhX4SnySpvpa9DK,Slow Dancing (Remixes),5qVmDaecbgUasrvDudT39K,2023-10-23,nan,nan
502,틴틴 파이브,TAEMIN,13rF01aOogvnkuQXOlgTW8,Never Gonna Dance Again : Act 2 - The 3rd Album,3xgFGYUOVxGp7pZywdf7AC,2020-11-09,IDEA (理想),1IYN3VqZzehgwh5NqnavIQ
503,틴틴 파이브,pH-1,2u7CP5T30c8ctenzXgEV1W,BUT FOR NOW LEAVE ME ALONE,5HUdhu9p2kVPQ8g56woOQn,2022-09-15,ZOMBIES,2Q1EVavjMH8XrRvHbVRTpc
504,틴틴 파이브,GRAY,3kPEBSt7qgVoRZSbIXMr7W,Ballerina (Music from The Netflix Film),11HqjJX3c1LsSrCmUUBjI5,2023-10-06,HIGH SCORE. PIROUETTE,75FQtNMA3DrswImdwLY4Iz
505,틴틴 파이브,Hyunjin,0ymFDpsRImjK673AGgFBcg,Rush (feat. PinkPantheress & Hyunjin of Stray Kids),3D5NnN6OYVFfBYGOWQ78Ns,2023-08-31,Rush (feat. PinkPantheress & Hyunjin of Stray Kids),12qq70vp6hMUikpAyeyDPc
506,틴틴 파이브,f(x),3wRA5UYoo08BBKJnzyKkpF,4 Walls - The 4th Album,6yJdchE7ARS996BxRgplFH,2015-10-27,4 Walls,2YkjXEab4USTV9uuAgC90E
507,틴틴 파이브,HYOLYN,78sJswwVn4P8aEhkF4K6fQ,LOVE & HATE,26FsnZOVOJDjKeWUbXuDVG,2013-11-26,nan,nan
508,틴틴 파이브,BoA,4muJrGMndyYWqZtfk8OWy4,The Greatest,31j85Ibk580CjA2lLhOnBo,2022-05-30,nan,nan
509,틴틴 파이브,Beenzino,7IrDIIq3j04exsiF3Z7CPg,NOWITZKI,2ZcI7Sbm7s2yz8l8wvIyUq,2023-07-03,Stinky Kiss (Intro),1BIDArMQ6U9u9GbnUYJ90R
510,팀(Tim),Justin Timberlake,31TPClRtHm23RisEBtV3X7,Man of the Woods,01l3jTY261V3CESZR4dABz,2018-02-02,nan,nan
511,팀(Tim),Tim,1H0rJYjO99jtsKOtaXmYTY,5th album New Beginnings,71TJ85kqNn0cTVYUjwDxCD,2010-11-26,Because of You,1NgXXBXbOxQqC9bWzZXzg4
512,팀(Tim),Timbaland,5Y5TRrQiqgUO4S36tzjIRZ,The Future Of Party People,0jERAlUJkTvscYCpsRZfqA,2020-02-19,nan,nan
513,팀(Tim),Tim Timebomb,2Sqro0AUxdyLXAfYF16nPw,Tim Timebomb and Friends,1xen9IbyoWOCylEuIZbSZG,2014-04-15,Honor Is All We Know,0Lpdc5TOegJ3AvrOpQdbap
514,팀(Tim),Tim McGraw,6roFdX1y5BYSbp60OTJWMd,Standing Room Only,7JXjtz0F7VWwAboPCoyg14,2023-08-25,Hold On To It,5qteRK6fo4KC2DbJOP5uW6
515,팀(Tim),TIMMS,6DNRxGWJWEoeI4gLNrRRPz,Goodnight Sleep Tight,3e2fWiIiH5VfNy7vAYiAMp,2023-11-17,nan,nan
516,팀(Tim),Tim Timmons,5KZgx8RwpCUIEfRuMdcfYX,HERE (Live With Friends),29mKEXOVZx0xAh88Eg8Plh,2021-10-22,Already Loved - Live With Friends,5caOB7eVICiw33RyUyMehq
517,팀(Tim),Tim,3QAT7THeYbly6Bvkd60M5o,Waymaker,2dlaeZAb81jjZsKsg9GSNp,2003-04-15,God Will Roll The Waters Back,7EEPzTXIqd6WQwakNFOEQ2
518,팀(Tim),TIMUR,51x8QGMdryJqQYFUlpYGDP,Alles auf ex,4Eeg3GRzePrDPo4pGUC9xD,2023-09-01,Alles auf ex,02oI2UJcKFreCpXYM6peEP
519,팀(Tim),Timbiriche,1FbygZnWsyUjzjTGLhWVlO,Juntos,764rcpcoZFtbDptqjvq0JU,2017-12-08,nan,nan
520,파인애플,Pineapple StormTv,09U6hmCerKcIJrixubiBjm,"Romântico, Pt. 1",7iGK5BUubDY6GZrxADD9Gy,2023-11-02,nan,nan
521,파인애플,파인애플스튜디오,3qOv3SzrPKvzhPeLKesxVy,파인애플스튜디오 모음집,39XBQQmWXHlLuH9NlaEzv0,2022-10-28,nan,nan
522,파인애플,박홍순 (파인애플밴드),2bKLS8ibepVxjSWedfmSxT,삶의 한켠에 서서 詩를 노래하다,5rOSczJFcUnlPcGLnMm3CB,2021-01-04,nan,nan
523,파인애플,파인애플왕자,7vRqSqPmbrdimhzt6VEpDd,오빠랑 가는 길,4UrPAKwD9Pj2Mm3GityypJ,2019-08-09,오빠랑 가는 길,3YKwJIKZkjzjFxsp1E9ymf
524,파인애플,Pineapple Studio,2kfhZmFEig742SOcJ59Ay3,nan,nan,nan,nan,nan
525,파인애플,PINEAPPLE,3YHn3qoGKDO3LJjThhBO2A,Sunny Side Up,0DTfBsfxXI8Gjgok9Ypg4J,2014-08-21,"Sunny Side Up (feat. Ahn Seon Myung, Yoon Bomin& DJ Buddy)",4yj0NHP2VRQYH6YZVSFzgb
526,파인애플,Pineapple,4syR8C2KkEkpaAu5o5THSx,Sunny Side Up,0KFxxTzKL1rXoFHIJCAhFO,2014-08-21,"Sunny Side Up (feat. 안선명, 윤보민 & 디제이버디)",7g0kxRcJi3RBIzrmhc2w87
527,포맨,4MEN,7oFIkpNpLrTBgZW6w55W1J,REMEMBER ME,2tL7dlbstmskUJL3jqW6y3,2017-10-24,시간을 걸어서,2ux9QM5389xf0ib4CZ0dfa
528,포맨,Shin Yong Jae,2frFGmni9tkRgXYdXmzQvR,Dear,2UKLUzxg6b2A1vZJfuf63p,2020-07-01,Intro,1x36rLvN09ZfRuVcZyvsNZ
529,포맨,VIBE,68ym0sOo7MazZxScbm1wtI,ABOUT ME,6sxOMgS63kM7nDYkUYkkuZ,2018-10-10,About Me,5v0PGt3qyGBpxW27tOt1hm
530,포맨,HAEUN,7BYHne6KtWNlbJnjZwLLRW,On my lips,6HkTrFBT35KKrjHZwog4Uy,2022-07-20,On my lips,1hkxJW81Oar3i4puhWig42
531,포맨,Kim Feel,4EPYWwU4c8eG2GzD7MenUA,"yours, sincerely",43b8UZkmMf0dVTktnr7qTO,2019-12-13,nan,nan
532,포맨,포맨-J1,2ImWkcYdMgaLXXWrGc3mTE,nan,nan,nan,nan,nan
533,포맨,god,7h3uRR9CdZGjnAY9stn0es,Chapter 5 Letter,50TP0Mj8SX6qy13FbKfOCy,2002-12-27,이렇게 또,5YRc5idjz9YY3MQSKqjdk3
534,포맨,Kim Won Joo,047yOGiAm4YzgP6lgzxD0D,SPRING,5pf0NnrpxSnPFG8diOhnAU,2020-04-17,Spring (feat. MC MONG),3mmjHnIzRgJLmpGrQnAcYo
535,포맨,Zia&4Men,3gpJMBtfBhr1PJmwXWgATq,Crying Calling,42sEbmqwfef0ULkzjUbiq5,2010-10-19,Crying Calling,4IFcg28xZ9jYaUFado2M7s
536,푸른하늘,푸른하늘,4fjuWKOCAh3CT7I5xW6Hc1,푸른하늘 베스트 1,0zCilay7SiXFqOwblKVyb6,1997-10-13,nan,nan
537,푸른하늘,유영석,1tRbozvc5xJpOCdiKRfJYb,Falling in Love,1O6xxHzMWFVuTHKmOaj7QS,2001-06-01,Falling in love,3JkOjqhkTZkPjkdZ9YRQPU
538,푸른하늘,Blue Sky,1pzkEz6aaXEEdzoT9iGJwg,Hemingway,0AwzJchbVHu9UXNZKZnCLw,2017-09-14,nan,nan
539,푸른하늘,서울남부유치원 푸른하늘반,3oWccqZSEHrAos73CHNhPJ,nan,nan,nan,nan,nan
540,푸른하늘,푸른하늘 지킴이,4neTlMT2zJD5LfuOkw7PXq,Save the Energy,2rull88erEo47dHyj4ePhj,2021-08-23,nan,nan
541,피비스,PB's,7I7RznKorPhR9WIyOxAAvc,PB'S Sunny Day VER 1.3,29Guj8gAENqI1fbVdAiWGC,2005-09-26,Sunny Day,41DluT7mmox7gxclTm5ITn
542,하수빈,하수빈,4UVLatDZ3XNojOjMUrUXz4,Ha Soo Bin II,68M91GIbCPe2RuRRF3QrpO,1993-09-01,그대 나를 떠나가나요,2TVDKTQxfR5F3SCVGyB14s
543,하수빈,Ha Soo Bin,5rEUyEMI36bJUKJZa3h1an,nan,nan,nan,nan,nan
544,현영,현영,3k1sNIdHt3z2LGI7MWmMLJ,For 현영,1tVFYf0Vne6VHrzZTpQ66J,2018-06-08,For 현영,3G91ptxmQlZ4QZaNuvsu28
545,현영,Cho Hyunyoung,1H2S37zuLm5Sn4PBADR72w,Something,2ZxhT25r4KMEzeEuGhaAVI,2022-05-25,Something,19YWvLrN7j5h1bxIoyA4gM
546,현영,Hyun Young,1ezCyLewaNga2wDVTHPYZz,Honey Honey,2XvHNPpJAfdfbUVw92i81P,2007-08-13,Honey Honey,53QYoF3XjjJGCTfwpWgA5I
547,현영,"현영, 이동욱",6Ll9b2YME1SGYSKLpTq3dU,nan,nan,nan,nan,nan
548,현영,Fr.현영민,6PUPX3fLIjdQCHY5tOejL5,nan,nan,nan,nan,nan
549,현영,현영애,1phaoWjhounvcdKh8rcYsy,믿음의 그 길,2MmK6WjISRdQWc6NUcO8hf,2019-01-31,nan,nan
550,화요비,Park Hwayobi,5oihNt5Zntgh1XIsDqOGq5,8,08VgQuddbhZRBNwPkH5US0,2016-09-29,nan,nan
551,화요비,화요비,1soxjRcWiRPRutimVavbS5,nan,nan,nan,nan,nan
552,화요비,Park Hwayobi,7G8boIO9CYQ9tG8JSMQknr,"My love, Ms. Butterfly OST Part. 2 (Soundtrack)",0NkzSv8Uds4pKK62skw1nI,2012-12-10,Only You Flow,7usHSBPC5LYISW3fySTgdm
553,화이트,유영석,1tRbozvc5xJpOCdiKRfJYb,Falling in Love,1O6xxHzMWFVuTHKmOaj7QS,2001-06-01,Falling in love,3JkOjqhkTZkPjkdZ9YRQPU
554,화이트,The White Stripes,4F84IBURUo98rz4r61KF70,Elephant (Deluxe),6CcC2RiYVSTsxI73d4lEeB,2023-03-31,nan,nan
555,화이트,Paul Kim,4qRXrzUmdy3p33lgvJEzdv,Slow (Veiled Musician X Paul Kim with Seongsan-dong),5y9yhtXkkYE6vHW5KnsJ5V,2023-11-14,nan,nan
556,화이트,Whitesnake,3UbyYnvNIT5DFXU4WgiGpP,Still... Good to Be Bad,0JiUAkdecvLfciiX3D9JjV,2023-04-28,nan,nan
557,화이트,W.H.I.T.E,4kzTPnRCAznFUOYzjSLNCn,W.H.I.T.E III,4JhEjIho14QmeJEPCNgaE0,2013-05-28,Intro,4nTosHhJHYrHvtafmQMjkt
558,화이트,White Noise,3isyZmZLDZ3ZFFvPHdr2eK,Relaxing Airplane White Noise,7IfFqrxcyVTyiMs7PQBncF,2023-12-11,nan,nan
559,화이트,Motionless In White,6MwPCCR936cYfM1dLsGVnl,Scoring The End Of The World (Deluxe Edition),3FtJCmMzsgTWZOi931Vqxy,2023-09-08,nan,nan
560,화이트,Plain White T's,1g1yxsNVPhMUl9GrMjEb2o,Plain White T's,7IoWse45BGeUdQepWEUa3g,2023-11-17,Young Tonight,2STpRTzXqkoniImClMMXc8
561,화이트,Barry White,3rfgbfpPSfXY40lzRK7Syt,Somewhere in the Past,3hTyaZiqU3H38E4h0wZ7hw,2022-07-12,nan,nan
562,화이트,White 2115,4nPxrGG7k7aEKmNLsfX4cd,RODZINNY BIZNES,1GabBOxzyUPjkELZE0b3HS,2022-12-16,RODZINNY BIZNES,3lRdrT1fs3PiGn4gmGvrSm
563,Hoobastank,Hoobastank,2MqhkhX4npxDZ62ObR5ELO,Push Pull,5Jp4JAv58ESLgp4dpHtENX,2018-05-25,nan,nan
564,Hoobastank,Karaoke - Hoobastank,7qlE4aQt160mFTExg4fEcA,nan,nan,nan,nan,nan
565,Hoobastank,Hopsteady,2C6yR62wXpSvB40OG1UXfl,Secrets,0exFbnDiRAYVvCCvgfSfP9,2023-01-12,Secrets,6c0yEbWgqSksbiS7xy8rls
566,Hoobastank,HoodstarSleeze,12CfoWYdbaJUCsrzDia8zo,Acting Up,0zAqFhzacSfMDNb6PqoJFm,2023-10-10,Acting Up,4mVr8cqhRbHA5oNInML3sL
567,Hoobastank,Hoodstardotty,0yBQm69NHGjmpcwV3AYmkx,nan,nan,nan,nan,nan
568,Hoobastank,The HoodStarz,72thBX3bHQuFqnIGmSIDxo,"Drugs, Inc. Soundtrack",0k1KAPkI34pJJKYglAgMUV,2015-09-23,nan,nan
569,Hoobastank,Hoodsta Rob,1wylorI4JZehnqW5pvibrg,Cash Only,0KOGgZYZZO2lHcDZczUP81,2018-05-22,Cash Only,7jQEk4Oe9FzVwUWDCQQLfz
570,Hoobastank,Habasstenor,4Yzj5TKjI7CaHMheL1N4zs,Chill Lounge,4uiQP1XV9dFhYHrYmUcJj6,2023-09-26,If You Had My Love,45vlfHc4ctowFfovzVPgbk
571,Hoobastank,Hobta,3XdGpYRQNK9osN8W3jyXpd,nan,nan,nan,nan,nan
572,Hoobastank,Hoodstar Jack,3LFAgI4aYlYXV6ZPCJhAtb,Voices of Edward Mordrake,0sMyp0AizA4omGxLkBDwhp,2020-06-10,Red Dot,3T3E8xAtcysLUzaHRVEszx
