,artist,id,track,album
0,B1A4,,,
1,BOA,,,
2,Buzz,,,
3,CAN,,,
4,Cleo,,,
5,COOL,,,
6,DJ.DOC,,,
7,NRG,,,
8,PSY(싸이),,,
9,SG 워너비,,,
10,UN,,,
11,ZAM,,,
12,가비엔제이,,,
13,공일오비,,,
14,구본승,,,
15,김경호,,,
16,김동률,,,
17,김민종,,,
18,김부용,,,
19,김성재,,,
20,김연우,,,
21,김정민,,,
22,김종국,,,
23,네미시스,,,
24,노라조,,,
25,노이즈,,,
26,더블루,,,
27,듀스,,,
28,러브홀릭,,,
29,마리오,,,
30,마이티마우스,,,
31,바이브,,,
32,박기영,,,
33,박상민,,,
34,방탄소년단,,,
35,별,,,
36,보보,,,
37,빅뱅,,,
38,서영은,,,
39,서지원,,,
40,서태지,,,
41,서태지와 아이들,,,
42,서후,,,
43,성시경,,,
44,소녀시대,,,
45,소방차,,,
46,손지창,,,
47,솔리드,,,
48,신승훈,,,
49,신지,,,
50,신해철,,,
51,씨야,,,
52,아웃사이더,,,
53,안재욱,,,
54,야다,,,
55,양파,,,
56,업타운,,,
57,영턱스클럽,,,
58,올라이즈 밴드,,,
59,유영석,,,
60,유피,,,
61,육각수,,,
62,윤하,,,
63,은휼,,,
64,이루마,,,
65,이문세,,,
66,이상우,,,
67,이소라,,,
68,이승기,,,
69,이오공감,,,
70,이현도,,,
71,임창정,,,
72,조PD,,,
73,주니퍼,,,
74,줄리엣,,,
75,채연,,,
76,컨츄리꼬꼬,,,
77,코나,,,
78,코요태,,,
79,태사자,,,
80,터보,,,
81,토이,,,
82,투야,,,
83,트와이스,,,
84,틴틴 파이브,,,
85,팀(Tim),,,
86,파인애플,,,
87,포맨,,,
88,푸른하늘,,,
89,피비스,,,
90,하수빈,,,
91,현영,,,
92,화요비,,,
93,화이트,,,
94,Hoobastank,,,
