,artist,name,id
0,B1A4,B1A4,3sxWOFw4MSN54SIQ8np6iG
1,B1A4,B1A4,3lCpELjz2gMtFiekWvw6u9
2,B1A4,Sandeul,2QeJBmgBdpH4i3uJns5Rdx
3,B1A4,"B1A4,BTOB(서은광,이창섭),영지(카라),에이젝스,에이프릴,오마이걸,케이시",6OLrMcA0ekdQP5kcoC3CQV
4,B1A4,신우(B1A4),0mHhF7oe3oZ4Gk59dwEem5
5,B1A4,산들 (이정환) (B1A4),7fwisuDDLpUOvyBnl23mAv
6,B1A4,SANDEUL (B1A4),707W4VdZXbVyV8T3NAkeUP
7,B1A4,B4ND1T,1UpVEcCAtoGb8uXYdwFWjr
8,B1A4,3. & 4. Klasse der Bezirksschule Brittnau 1985,08rI8qXRTJklkjWvUAFj9l
9,B1A4,Van Bass-10 & G4bby,4AJmahRUqC0dLGu9mZLl7o
10,BOA,BoA,4muJrGMndyYWqZtfk8OWy4
11,BOA,bôa,5jTtGLk1mGFMY5lQOvJYUj
12,BOA,BOA QG,1urzwf2o9FcFCgcmkPgcgZ
13,BOA,Boards of Canada,2VAvhf61GgLYmC6C8anyX1
14,BOA,BOA Hunxho,2F3LBiE1vrZao4CoBEkKG6
15,BOA,Board-Man,1w9k3VBVzpKs0LsauO5jBd
16,BOA,BOAN,0Ju3YcuK3eL68zOIA1C8Te
17,BOA,Boat,545XHoCXOXRYsNrKjh4uHd
18,BOA,BOA,00olqf3UDvJXzJQ0au9qBh
19,BOA,BOA,33a8jjxzxhdxTqwquoL5ir
20,Buzz,Buzzcocks,2DxlS3lTLFIq70S7ap5H3y
21,Buzz,BUZZ,4SdXXEHKFa5NSoh10QxeN2
22,Buzz,Buzz on the Track,1dBKhi7RDKuWyIq6ywgZoY
23,Buzz,BuzzCakes,1eDpQwXk6jUr95siMNXU3K
24,Buzz,Buzzy Lee,0cz2DZrX5wGn1XUdIPKYYQ
25,Buzz,BUZZ,4YXzweXdgnq4xSOpo1ZWxR
26,Buzz,Buzz Kull,5RtyPqV9c3KizJ8pqJEcZl
27,Buzz,Buzzov•en,65W15ubMbKTu32Y1sV1hnK
28,Buzz,Buzz,72psY0qma8uEbuSXL8LtT5
29,Buzz,Buzzb,6MZO53JPTJT5nzpTZLSBeE
30,CAN,CAN,4l8xPGtl6DHR2uvunqrl8r
31,CAN,Canserbero,1wGIhYkKWSq4yACtTkCkSX
32,CAN,CANVA$,5g7bZh1b9n1XXCggZdh0CE
33,CAN,Cannons,7FtCyCJCJaxabYO7Uyda5B
34,CAN,CANDY,4oWlenweHbPcDXKvyNUbBl
35,CAN,Canciones Para Niños,4WSY9l2NAUBr3ogIfFPdwt
36,CAN,Canvas,5cB90DBVKdSGR8ffyI51Eh
37,CAN,Candlebox,3R6c2tWDBeYB1GncjLMn9n
38,CAN,CANVAS,7IRBgVhXtxZoxD2NMXF8nu
39,CAN,Cannonball Adderley,5v74mT11KGJqadf9sLw4dA
40,Cleo,Cleo Sol,3ETLPQkcEd7z4k3IbZmXMq
41,Cleo,Cleo,0ZXDvZqBzwZLsHRXhuTbpR
42,Cleo,cleopatrick,6VTvaLJ9arNmKi8e1ekOwW
43,Cleo,Cleo y Cuquín - Familia Telerín,12uO5kWyKfUn41Gchg2H0x
44,Cleo,Cleo's Trademark,3y3wvhrKyp9SX3sZU1HREy
45,Cleo,Cleo DeNile,6cPcHTRjHntyNsIJXCpuLM
46,Cleo,Cleo and Cuquin,1Sa894Mh8bJN39OZEuES9W
47,Cleo,Stephen Cleobury,0ugRf6ECGBFRCHlv9iG1No
48,Cleo,Cleo Laine,7GUNyLdzdGxR828EyGvM7k
49,Cleo,Cleopold,2BeARYDF52QQk5S2zgiVHe
50,COOL,COOL,0w3PsroIezW7uRTNxEJLb9
51,COOL,Coolio,3y24n3XhZ96wgwRXjvS17T
52,COOL,CO0Lf15H,6gSKXCMmpnB6Yd5NPc3i01
53,COOL,Cool & Dre,2PsjBHyb950JI7BHXY10TD
54,COOL,COOL&CREATE,6iCaBLgyK2nJqzSkCGrV4L
55,COOL,Cooliecut,19uEVh7y7Y9RfjMphMamXc
56,COOL,CooL BoMB,1XdGyHmWSfMkZ4p1pJIf7b
57,COOL,Cool Company,6lOCVUQbb9wzuZQbZQV9zn
58,COOL,Cool Bomb,0FdK9CKR43bDTSwvv6YE2K
59,COOL,Cooltime Kids,5Cx0MO39eG4ElGaD1juoZQ
60,DJ.DOC,DJ DOC,3kDgt4vVKGTLmtC3FkOwWF
61,DJ.DOC,"DJ ""D.O.C.""",4cYUeqAGXyqvtPMLSFdprl
62,DJ.DOC,DJ Doc,72oQ2XbvjheM8C4qDUT9a2
63,DJ.DOC,DJBDOCK,2jWG22vSr8xR3OheJpBoKj
64,DJ.DOC,Dr. Dog,4mLJ3XfOM5FPjSAWdQ2Jk7
65,DJ.DOC,Dj Doc,7zxbRmYS76STntJ2F0babV
66,DJ.DOC,DJ Dollynho Da Lapa,3bc5LOOhGbLvDUcybl3LY8
67,DJ.DOC,CARLOS ZAPATA DJ DOC,4ucnn29By5pNcmBUx3vtsi
68,DJ.DOC,Djdoc,6I0X4DVaj5epQ1VZBHsMVh
69,DJ.DOC,D.O.C.,54ke4nJfRQCgxdBMx3ydQv
70,NRG,NRG,7xrfnodwPKuIxS9JuUECaf
71,NRG,NRG Komodo,3PTzFmlYeORcJCpWdoKjvb
72,NRG,NRG,29g5FRS6Ryypu3QVvayEF7
73,NRG,nrg,6EEFjsH9sgqLhHpDzTsflL
74,NRG,NRG,0dVWqs8BT9eLpozWjImnLP
75,NRG,Nrg Band,7lpytP7nwlQ5Af05Hpo1al
76,NRG,Diva,0CI6MkDddUbiuI8T7V5ZcF
77,NRG,Jazzy,7zAAwgV5Wqmvpb4GzvlRkP
78,NRG,NRG,4qzjMiU2r8Sh59UlGspzVq
79,NRG,José James,4l2MwXYwUDQKHcUXwCZjEz
80,PSY(싸이),PSY,2dd5mrQZvg6SmahdgVKDzh
81,PSY(싸이),PSY.P,2ADDS7CJUaPg2USWT6djqR
82,PSY(싸이),Psycoban,01v0Z9gMiGm6z9Zs12iwYN
83,PSY(싸이),Agust D,5RmQ8k4l3HZ8JoPb4mNsML
84,PSY(싸이),PSY BURGER,4mulGTWgvqwHijQTcah5XF
85,PSY(싸이),PSY・S［saiz］,3zntsh5zPf73xyMnRi91jv
86,PSY(싸이),PsychShane,6WGstLZ1HpOoE1dZsGejDV
87,PSY(싸이),PSYQUI,3p8H8HTn04KXh2NRzhKScl
88,PSY(싸이),Psy Chord,7rZvOL5jGxPx4CTmHQZhp2
89,PSY(싸이),PSY,668Vsnb3E75eFxhTG9A20E
90,SG 워너비,SG Wannabe,2c3IakpImjWyeXNvyyGsdn
91,SG 워너비,SG워너비,6sdDpjlRlv0apLFnAfgEMZ
92,SG 워너비,Kim Yong Joon(SG wannabe) & Lee Bo Ram,5iLNjmB2yaFzNG5GZZNDk5
93,SG 워너비,Kim Jin Ho,0ZHGJr3gcX0fVYg1EQrcob
94,SG 워너비,SG워너비&지아,4CLvSzd5Q8CzFKwzkhIzvq
95,SG 워너비,Lee Seok Hoon,16sxdaE9mk0Kis9CTP7Uot
96,SG 워너비,Kim Jong Kook,60YNqzrSj7rJkuqHkpHPqG
97,SG 워너비,SG Lewis,0GG2cWaonE4JPrjcCCQ1EG
98,SG 워너비,Sg,4cJpDxU9dz5ji5XEhD39LK
99,SG 워너비,SG Wannabe,5pzvcP5d2vSpy7YJucF4Bb
100,UN,UNKLE,2nszamLjZFgu3Yx77mKxuC
101,UN,Uncle Kracker,2DnqqkzzDKm3vAoyHtn8So
102,UN,UNEEK,1tRXkp26XI3YLM5Vp2VSiA
103,UN,Unknown Mortal Orchestra,1LeVJ5GPeYDOVUjxx1y7Rp
104,UN,UNIVERSE,6fCxl3Uhiv0cCYGgDElhRV
105,UN,Uncle Lucius,49zZ2lRNpfwWfUnASUxCYW
106,UN,U.N.L.V.,4o52X0x5nh6Q8vnDKuy14G
107,UN,Unlike Pluto,4zjO8Jhi2pciJJzd8Q6rga
108,UN,UNIQ,0ewnmx72rVozQtvslLl0t1
109,UN,United Pursuit,4YCpRzudpG6AeE0IvCjiGo
110,ZAM,ZAMINZO,6XT8D52EpegEHtdbUqNShA
111,ZAM,Zach Bryan,40ZNYROS4zLfyyBSs2PGe2
112,ZAM,ZAM,7k8AX7vkTQ3qRxkJL1EanQ
113,ZAM,Zamphire,1oSjfZFemVPG0PZa6j94vl
114,ZAM,ZAM,2llNH1Vz5MwuaV8dJsoSdA
115,ZAM,Zamir,069X32ooT7djUGNCcIhKFq
116,ZAM,ZĀM,5M0zxfdXwxLo51sbAEM4vy
117,ZAM,Zamio P,5Zvfz5yNT0WKOcfIT6HjyE
118,ZAM,ZAM,7KV0bx3rOlsyrp8PSfQh6A
119,ZAM,Zamar,0V79NNbVHjcBvGW1R7wG3A
120,가비엔제이,Gavy NJ,6Iyc2IvCGBNStXUmPa8hmu
121,가비엔제이,건지,79xtZ56bsMOQwiTe5Ob1jD
122,가비엔제이,GavyNJ&POSTMEN,1durxjeZlV3EHRXCXl3HYW
123,가비엔제이,Monday Kiz&Gavy NJ,5s8Gjcq4aoVwXvHwWO1m6Z
124,가비엔제이,Jenny Of Gavy NJ,1b4aotqKKi8EfufrFf6FyC
125,가비엔제이,Gavy NJ & 6 to 8,6IycStuhKrlEqu6YAWlfHW
126,가비엔제이,GavyNJ & The Seeya,0FDdpB0KOrjBOZ2Ee5VqLo
127,가비엔제이,Jang Hee Young(Gavy NJ),1BxrN93mj9Kfyr3c30p6bE
128,가비엔제이,Gavy NJ,60qqthNptdQHHTiSb7O1tg
129,공일오비,015B,4uU7KfTjcjyKUGWSaTzLu7
130,공일오비,Lee Juck,0pfVDTchnVMBTzGylIuJNa
131,구본승,Diva,0CI6MkDddUbiuI8T7V5ZcF
132,구본승,구본암,5jA6gbaLRLnA0Nfk5WSfFd
133,구본승,구본수,1QNcPwrY8ADGPfbMtZAyuW
134,구본승,구본겸,3PIWo7AWtU7xeWkE2ZOTin
135,김경호,Kim Kyung Ho,15Tra1ytu0naoNByIhZArl
136,김경호,김경호,25Qd17778cR6eX2fnHBfig
137,김경호,Yoon Do Hyun,6KsmQPHXE3qhzNNBPSZ0eB
138,김경호,Kim Kyung Ho,65UXwY89OZG9und9DKJFpi
139,김경호,M.C the Max,3MaRWfwKpbYnkYHC5gRKYo
140,김경호,金京浩 (김경호),1jPXILK4KYFTo1ec1D6NCm
141,김경호,Park Hyo Shin,57htMBtzpppc1yoXgjbslj
142,김경호,Kim Kyung Ho (Accordion Kim),001MGprBWa5E9BENmgbsVD
143,김경호,Sung Si Kyung,7jFUYMpMUBDL4JQtMZ5ilc
144,김동률,Kim Dong Ryul,3zYyfrb4r6ZHI5Di0rB9bV
145,김동률,Sung Si Kyung,7jFUYMpMUBDL4JQtMZ5ilc
146,김동률,Kim Dong Ryul,7Kk6aOLcVfuvvl1U5jeSDP
147,김동률,Lee So Ra,58BWh3yJrluDugLv0QF0eC
148,김동률,김동률 Tony Kim,1OIrbZnYGUEZV24tp3VXZ1
149,김동률,Jang Hye Jin,21TmkTAf40eB7SiNLYptbH
150,김동률,Panic,13bWD4s098qRgPVlHcbgCU
151,김민종,김민종,1wEyGbuSlgNqFKT7bH5Y9p
152,김민종,KIM MIN JONG,0C05LhNCdYM5sW3XEyyAsm
153,김부용,김부용,1zP1qArProGmCFnXT1TTK1
154,김부용,김부용,6PcSn2XA6GFvMeTP05y6Ot
155,김성재,Kim Sung Jae,7e7pwSr2mLxAq1QbWkzghk
156,김성재,김성재,0rS9mdDyN3fserFrCC0rPB
157,김연우,Kim Yeon Woo,4vsTrZ8Y7nKqQM0BJQ6Dvd
158,김연우,TOY,7sS12h1hMwOqXiB5vYdlu8
159,김연우,김연우,306KeiDI5GhMOJlsQjuN1R
160,김연우,Yoon Do Hyun,6KsmQPHXE3qhzNNBPSZ0eB
161,김연우,Yeonwoo Kim,4th9eezzlfTW36dkF6rmAL
162,김연우,Kim Kwang Seok,0Sr5L3iWPn0k6KnDr8RYS8
163,김연우,김연우,3JvQVjAazsHljtUc8CKL51
164,김연우,Lim Jae Beum,7cYFopPCh8aSpBHANLgLaV
165,김연우,김연우,2bvC0qQdy6aI9TPDwTMG8T
166,김연우,Kim Bum Soo,20K5puLWHL28ckI4LjieDt
167,김정민,Kim Jung Min,3SqnTAwj36AgFDT1XVIPD8
168,김정민,김정민,2in3jNP7V5pBvdCpIYBpuY
169,김정민,김정민,6ViDZNebjTpDWZvyZdqG6M
170,김정민,Kim Jungmin,0QSBV13MXQhqFQJeYqX9Hm
171,김정민,김정민 Kim Jung Min,6Gug78Aarvk4dKIGKusko7
172,김정민,jungminkim,4SBnsuroDK8z71TELpD2Wu
173,김정민,Kim Jung-min,7ctn2XlVDNBPXawONWJ4e2
174,김정민,Jungmin Kim with,7KsTnzqSNgiONaTQYRo7i8
175,김정민,Jung-Min Kim,3wd0MviksWKlXa8rWO7gOD
176,김종국,Kim Jong Kook,60YNqzrSj7rJkuqHkpHPqG
177,김종국,TURBO,3aboSJaljyYlTRXt7pEH0G
178,김종국,Kim Jong Guk,6TVL3a6bpW4eiiZJV1Fawr
179,김종국,김종국,4F2vZbPuOm5HRJGniatvNm
180,김종국,金钟国김종국,5QxO2dJZL0SZLOctXnAgZt
181,네미시스,Nemesis,7s6c9ypNHq9nk2h89gv87R
182,네미시스,Nemesis,5xfXjHZ4g7xyDnvEw12wKU
183,노라조,Norazo,6qKi9ZFq7JiwMy2LvMAqNp
184,노라조,노라조,7Mv3E7S24Gp2ukjVuNIzZc
185,노라조,NORAJO,6OFDDstHfws7WlcWc5JIcL
186,노이즈,NOISE,1zca6J0gpXqOW7i7xkdQr4
187,노이즈,Natural White Noise Relaxation,5vAOhgLzO7xatvz91qVCRB
188,노이즈,White Noise,3isyZmZLDZ3ZFFvPHdr2eK
189,노이즈,Noise,1ndo1he29FAeiehsdw5g0t
190,노이즈,Noise Mob,54OuLeu7pXjGOQjIBpmAkB
191,노이즈,아기를위한 핑크 노이즈,6kpK22lD1T6YHNrIMUQPOn
192,노이즈,Noizegarden,4xFXTZgKQSe8rUxokaa13n
193,노이즈,Urban Noise Project (얼반 노이즈 프로젝트),1SGMmGdOG6E3YHaXdVaLTH
194,노이즈,Noisemasterminsu,5aIhsY6GeoSPC2CAwuIYJ4
195,노이즈,노이즈(NOISE),3eILl2khVhUyDEg60YtYtZ
196,더블루,김민종,1wEyGbuSlgNqFKT7bH5Y9p
197,듀스,DEUX,64RfnYDHtR3ZaLdtxAjPDA
198,듀스,Solid,5QxwwdnZNkIl7AyFEPZxX5
199,듀스,DEUX-G,2eA83pWgwOqAshxkFiT2lh
200,듀스,Lee Moon Sae,2eVlgLy3Aym09gM3dqx6cq
201,러브홀릭,Loveholic,7gSVTyMFvcvwb6JUAJzLb2
202,러브홀릭,Loveholics,68GXqr2rC0yIbkTA8uc7HV
203,러브홀릭,지선(러브홀릭),6d7osgEsQMJjLRCj1hYz04
204,마리오,마리오,24acSW2iOlyHaRWEvD3Hug
205,마리오,Mario,20s0P9QLxGqKuCsGwFsp7w
206,마리오,Mario,5S4eAXWoonTLYHerdKliG0
207,마리오,MARIO,1wLXYnlqlJNSFfNlsqEsbC
208,마리오,Mario,3moKeRA4ejHZxIDKjojpqV
209,마리오,Mario,18jFCxeND6kWupH0NeBB35
210,마리오,Mario,2AEhGKpeQv0zjJwPUk9vQK
211,마이티마우스,Mighty Mouth,7pxK1v2idIDo5Imir0lb5i
212,마이티마우스,Mickey Mouse,6w6OUqDUOPDvEHY85kbJRE
213,마이티마우스,마이티마우스,3AW5VD5kL8VHcp6vmNkT6X
214,마이티마우스,Mattyeux,3bFokK6zCab3bPwSjktEVF
215,마이티마우스,Mickey Mouse Funhouse - Cast,1Vn7zu8r6zi4pYbSq0XWIS
216,마이티마우스,Minnie Mouse,0UOuBqKAookZ3EopZFlNL7
217,마이티마우스,Maitchhh,265iWAcdttWU3gFXjrcbbh
218,마이티마우스,MINGYU,5gUpo0BRmo6EOTbyU3z5Ay
219,마이티마우스,Maty Noyes,5JSXWmQO8csVUy6hSRu8TA
220,마이티마우스,MYTH & ROID,1NRrtMvT3o1TI6I8XCuweq
221,바이브,VIBE,68ym0sOo7MazZxScbm1wtI
222,바이브,바이브,1ADffw8h0Y5eRlYIT87EZd
223,바이브,Jang Hye Jin,21TmkTAf40eB7SiNLYptbH
224,바이브,YUN MIN SOO,1chAxRqxKcAEVRmsMlXScd
225,바이브,SG Wannabe,2c3IakpImjWyeXNvyyGsdn
226,바이브,Vibe,0ZrPyHGPWRiOphFxml3rFO
227,바이브,Panic,13bWD4s098qRgPVlHcbgCU
228,바이브,The VIBE Family,4REbcpCyCNmg88x5azw4m4
229,바이브,Noel,2G5VFTwwlZUulCbtPbc1nx
230,바이브,Vi.brate,321PdD0cWZjyfGby5GvzWP
231,박기영,Park Ki Young,2wAjuE3pVtauK8ZQ2p4SXN
232,박기영,박기영,5im0WmDRKpvR8acSGhOOq6
233,박기영,Park Hye Kyung,0VDruJIp4XAwBf2V3Zwubh
234,박기영,Ki Young Park,0CNsFtCStKbdS9cfzHN6EA
235,박기영,Baek Ji Young,3l0MJ9LCiBlMyOMaz485Q5
236,박기영,Park Ki Young,7D4GagQTbDHDPIthukPozG
237,박기영,Fatou,3Cv8Mlj2kEGomJuHHfMKHZ
238,박기영,Park Gi Young,4PMiYynXXLwLa6gsgkLH24
239,박기영,Younha,6GwM5CHqhWXzG3l5kzRSAS
240,박상민,Park Sang Min,7nbE2lMt1tbp5y3Uivn0bu
241,박상민,"남진,설운도,이자연,조항조,박상민,송가인,정수라,강혜연,양지원",37U7RxYHBlnnJ782z2Shgh
242,박상민,Sang Min Park,1tMXEBg4KNFJPpzCQa2y3s
243,방탄소년단,BTS,3Nrfpe0tUJi4K4DXYWgMUX
244,별,BYUL,2uoSZGvqrwdjVgn9fOUjQp
245,별,별하나 동요,4RFxs9Bf4FY1c4eyNZS8uy
246,별,D.O.,2CQZr2RPZmrcvDnaod1ldC
247,별,Joh Ung,65JdRQX0aV6M87dxRen9cX
248,별,Byeol Eun,6PlVpPXatgot82WQgqM6S2
249,별,Younha,6GwM5CHqhWXzG3l5kzRSAS
250,별,GALACTIKA*,0DFQkmu5LD7GstHM0pwh8H
251,별,조웅 Joh Ung,5hRf3aQw3QloJKAFg0u7bl
252,별,Three Stars,2w0JzUYoFsptl2F1E3SHdC
253,별,Jukjae,7bWYN0sHvyH7yv1uefX07U
254,보보,Bobo,4W6DLx1j8rZzzcbMuUd42J
255,보보,BoBo,2ReU09e8cwWdv544qEDTDK
256,보보,보보,3Uxvlaurb6mOFQKi90W4t2
257,보보,BoBoBerry,5eNVuQqasDx71Nfd5k5W56
258,보보,Vovo Weng,6PCgHWpTRnzqBTTbLv9M7q
259,빅뱅,BIGBANG,4Kxlr1PRlDKEB0ekOCyHgX
260,빅뱅,G-DRAGON,30b9WulBM8sFuBo17nNq9c
261,빅뱅,2NE1,1l0mKo96Jh9HVYONcRl3Yp
262,빅뱅,god,7h3uRR9CdZGjnAY9stn0es
263,서영은,Seo Young Eun,62kwqoGbwQOLwfOWnDb2iB
264,서영은,서영은,47vbCSZ9Wdm32dLEMgprX2
265,서영은,서영은,2hnCCmrpPWC6nRcijuFSDZ
266,서영은,Suh Young Eun,1uQ8BQhLtGMfK8PS3UAdNX
267,서영은,서영은,1mLJvUFicGyr0xsdtZEePC
268,서지원,Seo Ji Won,4TBgwwFdWe205WGBPIuiPZ
269,서지원,서지원,1uNdhkuW0NMfMvapngsFys
270,서지원,Suh Jiwon,0RIBDKbjMNa9U8tSnbQYZd
271,서지원,서지원,0UrY3msco60rpao7UeaA1d
272,서태지,Seo Taiji and Boys,52Gsa9Zypqztm2DeNkQfCm
273,서태지,Seotaiji,3yj6KT6cRFojlL37psQ1dV
274,서태지,H.O.T.,5JrfgZAgqAMywJpLpJM0eS
275,서태지,서태지와아이들,764czXhckSHwpVD05fBqOf
276,서태지와 아이들,Seo Taiji and Boys,52Gsa9Zypqztm2DeNkQfCm
277,서태지와 아이들,어린이동요,18qRW1ZIjwsDCtOUHJ2lqG
278,서태지와 아이들,Seo actor,0Xdas0Cm8xqrnjUKIb6aLF
279,서태지와 아이들,동요이야기와 친구들,3wvWR8J8CO2kQVrkV9yYT1
280,서태지와 아이들,Shin Yong Jae,2frFGmni9tkRgXYdXmzQvR
281,서태지와 아이들,아기를 위한 자장가,6kU9vPrM8xHE7xQnjYBqxz
282,서태지와 아이들,엘키즈 동요,7Gz1qSQRa5IEohyzhplWVT
283,서태지와 아이들,어린이동요,79AyTDokb16c6uP10D1zcP
284,서태지와 아이들,서우석,2IYwDTixu77668GggpmRXP
285,서태지와 아이들,Towner & Town Chief,3Qm5uwdUYz6Bz64XOqsiYD
286,서후,Seo Hoo,4jYhOE4rUA9dZq38GgQCxb
287,서후,서후,2nNZLRtn9tnEqh49cDLjmJ
288,서후,Seohu,5xkGaJr7iMdwpsJdbSyVXq
289,성시경,Sung Si Kyung,7jFUYMpMUBDL4JQtMZ5ilc
290,성시경,Naul,22oiFjlZPKJ1XphV2et1u1
291,성시경,성시경,3I1OkA7JgZhI7qt3GXij8i
292,성시경,Kim Dong Ryul,3zYyfrb4r6ZHI5Di0rB9bV
293,성시경,Sung Si KyungI.U,5VxRb9n9oNi4reIgtoES9T
294,성시경,Yoon Jong Shin,0hW1muryuCdZLfjoLrUhnw
295,성시경,Lee Juck,0pfVDTchnVMBTzGylIuJNa
296,소녀시대,Girls' Generation,0Sadg1vgvaPqGTOjxu0N6c
297,소녀시대,TAEYEON,3qNVuliS40BLgXGxhdBdqu
298,소녀시대,Girls' Generation-TTS,7AKHnZVqwXYuUwWJ8UGL5q
299,소녀시대,BIGBANG,4Kxlr1PRlDKEB0ekOCyHgX
300,소녀시대,Girls' Generation-Oh!GG,1foL9hLC9M6U94dINtOYfb
301,소녀시대,S.E.S.,61HUG80Xma4rnXsqfZkzeM
302,소녀시대,YURI,2TMRvcwsmvVhvuEbKVEbZe
303,소녀시대,소녀시대,5qVOb5okoRuIakDC5HQm2E
304,소방차,소방차,7Igl7Z013nScGX1nXvbvoo
305,소방차,Sobangcha,6jcBlZhnx4a1V47kkhRIuk
306,손지창,손지창,3R6ZSiImdD3ynL36uaCwff
307,손지창,Son Jichang,6lJDy38VS1XWktdlnP4nkr
308,솔리드,Solid,5QxwwdnZNkIl7AyFEPZxX5
309,솔리드,솔리드,09GuKpcIF4N8PBFZfixJRc
310,솔리드,Seo Taiji and Boys,52Gsa9Zypqztm2DeNkQfCm
311,신승훈,Shin Seung Hun,4xgRWQOK2y3pGRFtmWNjyw
312,신승훈,Sung Si Kyung,7jFUYMpMUBDL4JQtMZ5ilc
313,신승훈,신승훈,5LdQSB4J6OpUJbPHvoJD2O
314,신승훈,Lee Juck,0pfVDTchnVMBTzGylIuJNa
315,신승훈,XXIN,4qHQ3j6CoMCvSAc7DeWrPS
316,신승훈,Kim Gun Mo,7ueOlHsDGBjqZfjpDj4oJO
317,신승훈,Sin Seunghoon,6ib7hsdxymRjFmNUMkInSp
318,신승훈,Lim Jae Beum,7cYFopPCh8aSpBHANLgLaV
319,신승훈,AILEE,3uGFTJ7JMllvhgGpumieHF
320,신승훈,J.Y. Park,1TTx0YcbKUtJIZY1HEnh9B
321,신지,Shin Ji Hoon,0RpcAXbMHCcEEurjyHvuyg
322,신지,신지원,6MAquLyn1cerW7s4Py12hK
323,신지,SHIN JI,2IH8MlC1KVWJ2HejBmPmZi
324,신지,신지,0dzMlkHGw4gBU3x5ulh52c
325,신지,SHIN JIMIN,0bxSJJ7V2M4Zb9lpRzWPD8
326,신지,신지,4IyrwYC07IS3tOroXVK1zs
327,신지,KOYOTE,3Xp2BCax4mS6EgstD0OyZR
328,신지,Shin Ji Su,1drvZISfr1aVVPStZYhshk
329,신지,Shin Jiho,2wCm1LEvFjAxIJ3biofrzP
330,신지,Shin Ji Hyun,68Dr23nWlJ4CxITZacuJQt
331,신해철,Shin Hae Chul,0X7uU5t8s4p9vXE4PjPvfn
332,신해철,N.EX.T,1BvcPcQ3raChuHJcAJrvGy
333,신해철,김란영,1nJJqHbshokgvHSFwpo72l
334,신해철,신해철,4W59V3WzzvKMEbbYNFHKCd
335,신해철,Shin Hae Chul,6dUV7i6JAEnZMzjX3wmmSr
336,씨야,SeeYa,3Mbxr8TL0Sny7dUNicKWm2
337,씨야,Gavy NJ,6Iyc2IvCGBNStXUmPa8hmu
338,씨야,유진 Of 더 씨야,3CyMjXVGlYJNMmtswdmLsp
339,씨야,씨야,5S3FgjJfEUmrrw51tXFKtH
340,씨야,Kim Yeonji,220c8fiYAk89nqAgw4x4z4
341,씨야,BUZZ,4SdXXEHKFa5NSoh10QxeN2
342,씨야,SG Wannabe,2c3IakpImjWyeXNvyyGsdn
343,씨야,LeeBoram (seeya),1ZMb9j2ssGDvUY2ZcwWijW
344,씨야,SISTAR,2wTLheTmMcFCA4hdY8hZJP
345,씨야,The Seeya,1dGxm9enIVo5P1W7gKyic0
346,아웃사이더,Outsider,1i4Y4WlFFetQV14Z8UDdvr
347,아웃사이더,아웃사이더,1JBiF50Cw8XUN1xyUAknN4
348,아웃사이더,Outsider,6gCqccWKW7jBbZ7BSPzJIR
349,아웃사이더,OutSideR,0uKaYhSeoyBmufQPZNo6a9
350,아웃사이더,Outsider,1OxasQc2x1ifFtWyNf58K2
351,안재욱,안재욱,4nCueftPBFcrvisAIg39T7
352,안재욱,An Jaewook,72EqSSb2Uy5ntxNNcjYOGb
353,안재욱,Ahn Jae Wook,291DmityyNlW5Brufhh66P
354,안재욱,Ahn Jea Wook,0w8On0odBKjUJtMhMTLbsZ
355,안재욱,Ahn Jea Wook,3x0zkVVq68M5WZAsgHiiNc
356,야다,야다,3YB77fanbqqyPS7NstYpOE
357,야다,플라워,5sp44iOiTOC0lXmN8zMRaT
358,야다,YADA,3hqrD2WfonDCMuXyfl0uTB
359,야다,Lim Changjung,4dB2XmMpzPxsMRnt62TbF5
360,양파,Yangpa,05Tt2bRgkP3yY2TnpRMvpS
361,양파,Park Hwayobi,5oihNt5Zntgh1XIsDqOGq5
362,양파,yangpa,5Qr33OZrOzmTJwxpUVZI7m
363,양파,Roo'RA,7bb3cdFh1kkHdopjeJRgca
364,양파,Yang Pa,0l4g4N9dWqFCgXaM0uDNRs
365,양파,KANGTA,5Bm6d9Fbsmln3CpXv8VrMG
366,양파,Lee Eun Jin,0AUUjKxB1rZjgXSnIqigJJ
367,양파,Baek Ji Young,3l0MJ9LCiBlMyOMaz485Q5
368,양파,양파,0O7G46iYK16XrA5gsrBBMo
369,양파,onion,4JDuEMip71EvVZbWqlKuFj
370,업타운,Uptown,2k9HHCIZFoVeZcImqhy0cL
371,업타운,Yoon Mirae,1Do4bSzfUl0KWL9r1fITu0
372,업타운,업타운S,219ZunAmXIZOXSjOsf8xlC
373,업타운,D.O,4X7RCrqaJpKMoeyeH5NPvj
374,업타운,Uptown Voice,1GfxOPme6exbaG7kR0gcHE
375,영턱스클럽,YTC,6IbJD9PQK5n7etiYsu0fi7
376,영턱스클럽,Young Turks Club,0lXKrE7ysilQafwdYKwErN
377,올라이즈 밴드,Azure,7bZJrYTLIbVOyODMaD7rVz
378,올라이즈 밴드,음찾사밴드,6uSlu2GkRzRZ6Lk3P8uLT3
379,올라이즈 밴드,엘키즈 동요,7Gz1qSQRa5IEohyzhplWVT
380,올라이즈 밴드,Natsu,6dGOlA4GtIDnOgbmT2Q8Xq
381,올라이즈 밴드,BUZZ,4SdXXEHKFa5NSoh10QxeN2
382,올라이즈 밴드,COOL,0w3PsroIezW7uRTNxEJLb9
383,올라이즈 밴드,G.O.D.,3K5dZFupfkg0uhatEcQV2N
384,올라이즈 밴드,god,7h3uRR9CdZGjnAY9stn0es
385,올라이즈 밴드,UP,1gjzJCtXM9MERO7IyUNLUN
386,올라이즈 밴드,플라워,5sp44iOiTOC0lXmN8zMRaT
387,유영석,유영석,1tRbozvc5xJpOCdiKRfJYb
388,유영석,You Young Suk,6Ya6UEdyBJXKxxtwaQGcby
389,유영석,Yoo Young Suk,2aeiPlXzUchzkv0LYrtI9E
390,유피,UP,1gjzJCtXM9MERO7IyUNLUN
391,유피,YOUPIRI BAND,29oxPoMLjWHeZQtKg0kVJf
392,육각수,육각수,5tget5S2469SOgZOA9Cqrn
393,육각수,Hexagonal Water,1mqQdnirBtCgfth6AP6KLK
394,육각수,hexagonal band,7sNijp3AetNDAVhwePukEG
395,육각수,Yukgaksu,4RTip4ZAGak5esbQJWidza
396,윤하,Younha,6GwM5CHqhWXzG3l5kzRSAS
397,윤하,Yoon Han,7x2TQ2hsCj1I1eAWpgPlZF
398,윤하,윤하,1l0kiEfFwzYLEBC861H0DR
399,윤하,DAVICHI,4z6yrDz5GfKXkeQZjOaZdq
400,윤하,Younha,1EAWTuyrXQiybfqleROOmp
401,윤하,Sung Si Kyung,7jFUYMpMUBDL4JQtMZ5ilc
402,윤하,윤하린,2BGwvpDKYBtsFpUcL5eU4W
403,윤하,Baek Ji Young,3l0MJ9LCiBlMyOMaz485Q5
404,윤하,윤하랑,6QcnPD3XPFXJbQFphllQlu
405,윤하,IU,3HqSLMAZ3g3d5poNaI7GOU
406,은휼,은휼,0uvN8HcsHeVVRdAuuSujJa
407,은휼,은휼 Eun Hyul,4vhjcEw4DVFCNy5OQmF6X1
408,이루마,Yiruma,0fauHpmSHwodVYIjTqOGHz
409,이루마,이루마 & 2FACE,2hqFyuUOjLCT7MPWkA15br
410,이루마,Yiruma & Shin Yong Jae & MIIII & BIGTONE,6y8iMA9wxOe6tLUNTrqGfw
411,이루마,이루마,79C63TMO9plsbPTTuEPhT6
412,이루마,"김영민,이루마",3bE9FE6X115arDs7n9bwGi
413,이문세,Lee Moon Sae,2eVlgLy3Aym09gM3dqx6cq
414,이문세,Kim Kwang Seok,0Sr5L3iWPn0k6KnDr8RYS8
415,이문세,Lee Seung Chul,5Ecf8RR2UWFAvyeItabffF
416,이문세,Yoo Jae-Ha,2Qrs21XiQMxkddRognIjGC
417,이문세,Kim Gun Mo,7ueOlHsDGBjqZfjpDj4oJO
418,이문세,Kim Dong Ryul,3zYyfrb4r6ZHI5Di0rB9bV
419,이상우,이상우,2p9c1SKG95v6V4eA3iu4IJ
420,이상우,Lee Sang Woo,4lyIx7MHTtCk8c9EugtMKW
421,이소라,Lee So Ra,58BWh3yJrluDugLv0QF0eC
422,이소라,Kim Dong Ryul,3zYyfrb4r6ZHI5Di0rB9bV
423,이소라,So Ra Lee,4BhVX38JpACZ8feNQD8QIh
424,이소라,Sunwoojunga,04L3elxyr0XFua2Ek3domW
425,이소라,Sora,2XMvtGzdacEnNy1e6z1snV
426,이소라,Kwon Jin Ah,0kRAVpQhUUArA8UnYwEdeZ
427,이소라,Sung Si Kyung,7jFUYMpMUBDL4JQtMZ5ilc
428,이소라,Dynamicduo,4nvFFLtv7ZqoTr83387uK4
429,이소라,mate(메이트),6OE44QonlTikAdEjVk8f1M
430,이승기,Lee Seung Gi,12AUp9oqeJDhNfO6IhQiNi
431,이승기,Lee Seung Chul,5Ecf8RR2UWFAvyeItabffF
432,이승기,MC MONG,6gEWl778wJTkq4Uk5eBvgD
433,이승기,K.Will,1XNC9ksvgXeD1xRJruSA5t
434,이승기,2AM,5SnaL8SsjGMHQNyqpa8Zos
435,이오공감,이오공감,5EWJwQ7a65qxUY7oXUwjBo
436,이현도,D.O,4X7RCrqaJpKMoeyeH5NPvj
437,이현도,이현도,3Uoyy1VxqUjewWBl6gaF41
438,이현도,Hyundo Lee,1ERnPLu6IM3j5EKPwgy27O
439,임창정,Lim Changjung,4dB2XmMpzPxsMRnt62TbF5
440,임창정,Sung Si Kyung,7jFUYMpMUBDL4JQtMZ5ilc
441,임창정,Lim Chang Jung,1V0lz0Mlzei7V0tyuiQlHT
442,임창정,Yoon Jong Shin,0hW1muryuCdZLfjoLrUhnw
443,임창정,임창정,2E2JwPQVzmFqfMMqVBNADH
444,임창정,Kim Bum Soo,20K5puLWHL28ckI4LjieDt
445,조PD,조PD,0XJH7kCmbiKeYfAFSHpYuN
446,조PD,ZoPD,1JIlqu7XZniSF86iMlgKHR
447,조PD,Cho PD,2syai5zCIXOwHsd858JtKk
448,조PD,ChoPD,5hmChzqL4xyhdryUx3fchQ
449,조PD,조PD&브라운아이드걸스,4DEykCOV6rYbJ9fkzWDMxV
450,주니퍼,주니퍼,0lv0EgFnqXHhIaXbOraKMa
451,주니퍼,Junyfore,51W8NJbaiFYuFIuo5FqOUg
452,주니퍼,주니퍼(Juniper),7ncPztyBme3NdXkti8hX1c
453,주니퍼,Juniper,6gXxUckROtxJeMb1Djj0aw
454,주니퍼,괌지르는 주니퍼,682ZDMw36ox5NWWYa2F20N
455,주니퍼,주니퍼(Junyfore),15DQ9zXGloXQ5aYRUuRdvR
456,주니퍼,JUNYFORE,7xm29fQgzEcXmSbkqeY7Wj
457,채연,채연,5YdRA9BjzC3Xd36SBsK06D
458,채연,LEE CHAE YEON,2nkZR6LwPxaAVtaVitNIPT
459,채연,채연 Chaeyeon,0ngkGl5EXbrgfG8Xebu8ZU
460,채연,Lee Hyori,4FjoOJAndC0s9ZJUo6VGc5
461,채연,Chae Yeon,4GKICdZK1BkL2ksxBEiMRR
462,채연,TAEYEON,3qNVuliS40BLgXGxhdBdqu
463,채연,Chae Yeon,0asUEPExLOkMidYAAKqLs0
464,채연,채연제,2li65echzfAYAAq2RiPhks
465,채연,채연아,6k8g8pdZg1TFwwx7U2125V
466,채연,Chea Yeon A,0cdTDkmKsRjQw85gTKz2kt
467,컨츄리꼬꼬,Country Kkokko,5kuilVpBoJl3vmv5hitjMx
468,컨츄리꼬꼬,Country Kko Kko,4aYrMwAZUoJSOSJULAiAvE
469,코나,Kona,0p17Fx718FfFLOIfUI9YMv
470,코나,Kona,1FCYO8mlNiqvZUVhZXWvRZ
471,코나,KONA,6E1vNiOCUfC7BmxAvwIYIr
472,코요태,KOYOTE,3Xp2BCax4mS6EgstD0OyZR
473,코요태,코요태,09K8LntCAQg6fCaY0TqhGp
474,코요태,KYT,0QNzgimIjJDcLFLFhnG6M9
475,코요태,Young K,34HmvZztvxqAo2mBSAieRe
476,코요태,COOL,0w3PsroIezW7uRTNxEJLb9
477,코요태,이정현,1A3vuBmPryol3FWagK8Tt7
478,태사자,태사자 Taesaja,18rjQLv66TaLhZSVYQu9Jh
479,태사자,Kim Young Min,57cIbqLpC0yUKlC8uNLOtM
480,터보,TURBO,3aboSJaljyYlTRXt7pEH0G
481,터보,god,7h3uRR9CdZGjnAY9stn0es
482,터보,터보,4nOWlvs9FB4guW4XjO4zgu
483,터보,컨츄리 꼬꼬,2eVwitK0GULcQ29XfbDnl9
484,터보,DJ DOC,3kDgt4vVKGTLmtC3FkOwWF
485,터보,Kim Jong Kook,60YNqzrSj7rJkuqHkpHPqG
486,토이,TOY,7sS12h1hMwOqXiB5vYdlu8
487,토이,toigo,5tTstLTFQFGb2dBb6h9zeG
488,토이,TOIL,698zn8fEOIr1OrfqG4283S
489,토이,You Hee Yeol,74lyHu0f9jhFumU0aEu5mi
490,토이,Toy,2HyoXCqcYBSzVibRweDeX8
491,토이,Sung Si Kyung,7jFUYMpMUBDL4JQtMZ5ilc
492,토이,토이고 (toigo),2qnOuSkAcrkQG3kyaW4VAY
493,토이,Kim Yeon Woo,4vsTrZ8Y7nKqQM0BJQ6Dvd
494,토이,토이고(toigo),0WmMj9I3GCXkONrUYcpIbh
495,토이,Lim Changjung,4dB2XmMpzPxsMRnt62TbF5
496,투야,TO-YA,65ICnb1n7btePNL6KxufXf
497,트와이스,TWICE,7n2Ycct7Beij7Dj7meI4X0
498,트와이스,Brave Girls,7t5H3uQv0Zw6cQUnSTF5BB
499,트와이스,Twice,0OYqxFvbvVMa4oARDdoM7r
500,틴틴 파이브,teen teen five,1eRjQfxyrZdxHhK62Np6nb
501,틴틴 파이브,V,3JsHnjpbhX4SnySpvpa9DK
502,틴틴 파이브,TAEMIN,13rF01aOogvnkuQXOlgTW8
503,틴틴 파이브,pH-1,2u7CP5T30c8ctenzXgEV1W
504,틴틴 파이브,GRAY,3kPEBSt7qgVoRZSbIXMr7W
505,틴틴 파이브,Hyunjin,0ymFDpsRImjK673AGgFBcg
506,틴틴 파이브,f(x),3wRA5UYoo08BBKJnzyKkpF
507,틴틴 파이브,HYOLYN,78sJswwVn4P8aEhkF4K6fQ
508,틴틴 파이브,BoA,4muJrGMndyYWqZtfk8OWy4
509,틴틴 파이브,Beenzino,7IrDIIq3j04exsiF3Z7CPg
510,팀(Tim),Justin Timberlake,31TPClRtHm23RisEBtV3X7
511,팀(Tim),Tim,1H0rJYjO99jtsKOtaXmYTY
512,팀(Tim),Timbaland,5Y5TRrQiqgUO4S36tzjIRZ
513,팀(Tim),Tim Timebomb,2Sqro0AUxdyLXAfYF16nPw
514,팀(Tim),Tim McGraw,6roFdX1y5BYSbp60OTJWMd
515,팀(Tim),TIMMS,6DNRxGWJWEoeI4gLNrRRPz
516,팀(Tim),Tim Timmons,5KZgx8RwpCUIEfRuMdcfYX
517,팀(Tim),Tim,3QAT7THeYbly6Bvkd60M5o
518,팀(Tim),TIMUR,51x8QGMdryJqQYFUlpYGDP
519,팀(Tim),Timbiriche,1FbygZnWsyUjzjTGLhWVlO
520,파인애플,Pineapple StormTv,09U6hmCerKcIJrixubiBjm
521,파인애플,파인애플스튜디오,3qOv3SzrPKvzhPeLKesxVy
522,파인애플,박홍순 (파인애플밴드),2bKLS8ibepVxjSWedfmSxT
523,파인애플,파인애플왕자,7vRqSqPmbrdimhzt6VEpDd
524,파인애플,Pineapple Studio,2kfhZmFEig742SOcJ59Ay3
525,파인애플,PINEAPPLE,3YHn3qoGKDO3LJjThhBO2A
526,파인애플,Pineapple,4syR8C2KkEkpaAu5o5THSx
527,포맨,4MEN,7oFIkpNpLrTBgZW6w55W1J
528,포맨,Shin Yong Jae,2frFGmni9tkRgXYdXmzQvR
529,포맨,VIBE,68ym0sOo7MazZxScbm1wtI
530,포맨,HAEUN,7BYHne6KtWNlbJnjZwLLRW
531,포맨,Kim Feel,4EPYWwU4c8eG2GzD7MenUA
532,포맨,포맨-J1,2ImWkcYdMgaLXXWrGc3mTE
533,포맨,god,7h3uRR9CdZGjnAY9stn0es
534,포맨,Kim Won Joo,047yOGiAm4YzgP6lgzxD0D
535,포맨,Zia&4Men,3gpJMBtfBhr1PJmwXWgATq
536,푸른하늘,푸른하늘,4fjuWKOCAh3CT7I5xW6Hc1
537,푸른하늘,유영석,1tRbozvc5xJpOCdiKRfJYb
538,푸른하늘,Blue Sky,1pzkEz6aaXEEdzoT9iGJwg
539,푸른하늘,서울남부유치원 푸른하늘반,3oWccqZSEHrAos73CHNhPJ
540,푸른하늘,푸른하늘 지킴이,4neTlMT2zJD5LfuOkw7PXq
541,피비스,PB's,7I7RznKorPhR9WIyOxAAvc
542,하수빈,하수빈,4UVLatDZ3XNojOjMUrUXz4
543,하수빈,Ha Soo Bin,5rEUyEMI36bJUKJZa3h1an
544,현영,현영,3k1sNIdHt3z2LGI7MWmMLJ
545,현영,Cho Hyunyoung,1H2S37zuLm5Sn4PBADR72w
546,현영,Hyun Young,1ezCyLewaNga2wDVTHPYZz
547,현영,"현영, 이동욱",6Ll9b2YME1SGYSKLpTq3dU
548,현영,Fr.현영민,6PUPX3fLIjdQCHY5tOejL5
549,현영,현영애,1phaoWjhounvcdKh8rcYsy
550,화요비,Park Hwayobi,5oihNt5Zntgh1XIsDqOGq5
551,화요비,화요비,1soxjRcWiRPRutimVavbS5
552,화요비,Park Hwayobi,7G8boIO9CYQ9tG8JSMQknr
553,화이트,유영석,1tRbozvc5xJpOCdiKRfJYb
554,화이트,The White Stripes,4F84IBURUo98rz4r61KF70
555,화이트,Paul Kim,4qRXrzUmdy3p33lgvJEzdv
556,화이트,Whitesnake,3UbyYnvNIT5DFXU4WgiGpP
557,화이트,W.H.I.T.E,4kzTPnRCAznFUOYzjSLNCn
558,화이트,White Noise,3isyZmZLDZ3ZFFvPHdr2eK
559,화이트,Motionless In White,6MwPCCR936cYfM1dLsGVnl
560,화이트,Plain White T's,1g1yxsNVPhMUl9GrMjEb2o
561,화이트,Barry White,3rfgbfpPSfXY40lzRK7Syt
562,화이트,White 2115,4nPxrGG7k7aEKmNLsfX4cd
563,Hoobastank,Hoobastank,2MqhkhX4npxDZ62ObR5ELO
564,Hoobastank,Karaoke - Hoobastank,7qlE4aQt160mFTExg4fEcA
565,Hoobastank,Hopsteady,2C6yR62wXpSvB40OG1UXfl
566,Hoobastank,HoodstarSleeze,12CfoWYdbaJUCsrzDia8zo
567,Hoobastank,Hoodstardotty,0yBQm69NHGjmpcwV3AYmkx
568,Hoobastank,The HoodStarz,72thBX3bHQuFqnIGmSIDxo
569,Hoobastank,Hoodsta Rob,1wylorI4JZehnqW5pvibrg
570,Hoobastank,Habasstenor,4Yzj5TKjI7CaHMheL1N4zs
571,Hoobastank,Hobta,3XdGpYRQNK9osN8W3jyXpd
572,Hoobastank,Hoodstar Jack,3LFAgI4aYlYXV6ZPCJhAtb
